UTC,Call,Sender wallet,Transaction hash,Status,Contract,Block
2026-09-11T21:40:12.000Z,collect,0x94526A5Fb9d18545Ff1767C8A6ffD3eF1c716b6c,0x2eddffe0c9dea4b0e1f52f072c00a3ee3ac2714769b0a5e726140e1ac9326daf,success,0x310baFC75bFF39BEf7BFdCDcBeF6Cac140e37fBe,20374006
2026-09-11T21:40:14.000Z,distribute,0x94526A5Fb9d18545Ff1767C8A6ffD3eF1c716b6c,0x5e14709889955abd071aca71af850d0cbc3cf0384ef19c9080db5a8b2216e395,success,0x13F5F9011f399067A80125D48c248B14791d1b2c,20374011
2026-09-11T22:36:07.000Z,collect,0x94526A5Fb9d18545Ff1767C8A6ffD3eF1c716b6c,0x41048200f73ede69fb1c8cbf2b9d4b4bd89d2c59b49d375e8144b21731e6b35a,success,0x310baFC75bFF39BEf7BFdCDcBeF6Cac140e37fBe,20380635
2026-09-11T22:36:10.000Z,distribute,0x94526A5Fb9d18545Ff1767C8A6ffD3eF1c716b6c,0xb22e3350d8d36743c15fdc8a021e6d385b7aa9cccf2e93933cfacbe3c4c03ad0,success,0x13F5F9011f399067A80125D48c248B14791d1b2c,20380642
2026-09-11T22:36:14.000Z,claim,0x94526A5Fb9d18545Ff1767C8A6ffD3eF1c716b6c,0x79e3ce54d758b7b5de574500354b5a761cf3c47a91af764eef541968eaca8a93,success,0x13F5F9011f399067A80125D48c248B14791d1b2c,20380650
2026-09-11T22:51:47.000Z,distribute,0x7d381D70e3Cc6532Fd5546e5439bC3D5CeCD28DC,0xc5be38637f8cc3d5ee9111acd0e94512649148269b92740150d05064f6508628,success,0x13F5F9011f399067A80125D48c248B14791d1b2c,20382492
2026-09-11T22:52:08.000Z,claim,0x7d381D70e3Cc6532Fd5546e5439bC3D5CeCD28DC,0xa3eca96497d22180b85d85a94fc25719ddd71080afd9bd1ed49b0e1cfa9df0d5,success,0x13F5F9011f399067A80125D48c248B14791d1b2c,20382535
2026-09-11T23:58:31.000Z,collect,0x94526A5Fb9d18545Ff1767C8A6ffD3eF1c716b6c,0xe0152cc54103ed0739cf9be338e7cfb7ca2c325f2f340e4ad04dbcdd14d89874,success,0x310baFC75bFF39BEf7BFdCDcBeF6Cac140e37fBe,20390400
2026-09-11T23:58:34.000Z,distribute,0x94526A5Fb9d18545Ff1767C8A6ffD3eF1c716b6c,0xe88951fd6e2d21fc1214b2e78376a299248da933cb27df781b7e65327465dc0e,success,0x13F5F9011f399067A80125D48c248B14791d1b2c,20390407
2026-09-12T01:23:51.000Z,distribute,0x94526A5Fb9d18545Ff1767C8A6ffD3eF1c716b6c,0xfc30c789aecd356e1c9671482ea7ed69cec4702d74ed1453c85d22a2aae1ad26,success,0x13F5F9011f399067A80125D48c248B14791d1b2c,20400513
2026-09-12T01:23:55.000Z,claim,0x94526A5Fb9d18545Ff1767C8A6ffD3eF1c716b6c,0x90399f800fd329614c489d0a937eb87dffdfa047afd53cfbb31c655ff5918ced,success,0x13F5F9011f399067A80125D48c248B14791d1b2c,20400521
2026-09-12T01:59:02.000Z,collect,0x7d381D70e3Cc6532Fd5546e5439bC3D5CeCD28DC,0x7a32877c2718205a04c9dcbabfc141e39e689acec983934b58c619823fbcc2f3,success,0x310baFC75bFF39BEf7BFdCDcBeF6Cac140e37fBe,20404681
2026-09-12T01:59:30.000Z,distribute,0x7d381D70e3Cc6532Fd5546e5439bC3D5CeCD28DC,0x111553c60b7cc43ce6275cfcae5e53e3ea50e59f4b2348fffaf66d3008ed6791,success,0x13F5F9011f399067A80125D48c248B14791d1b2c,20404737
2026-09-12T01:59:55.000Z,claim,0x7d381D70e3Cc6532Fd5546e5439bC3D5CeCD28DC,0x4a610714e3bb165163ac0123c4c4d4e52e131f142b4e215f8d0cbecb14d56fd0,success,0x13F5F9011f399067A80125D48c248B14791d1b2c,20404787
2026-09-12T02:04:46.000Z,collect,0x7d381D70e3Cc6532Fd5546e5439bC3D5CeCD28DC,0x1bc2c0c035da559d382fb2eaf5303eb4cfc35881ad58a512e193ae946da38659,success,0x310baFC75bFF39BEf7BFdCDcBeF6Cac140e37fBe,20405361
2026-09-12T02:04:53.000Z,distribute,0x7d381D70e3Cc6532Fd5546e5439bC3D5CeCD28DC,0x55c22b16ae7d6f132afd7e686be6d2c15b1da109d192d5eb0018860760b37565,success,0x13F5F9011f399067A80125D48c248B14791d1b2c,20405375
2026-09-12T02:05:01.000Z,claim,0x7d381D70e3Cc6532Fd5546e5439bC3D5CeCD28DC,0xd76591ddaa92a3aa21c4788187b8a6cc6df844ea794bc8c3ee898577fd9fe8df,success,0x13F5F9011f399067A80125D48c248B14791d1b2c,20405391
2026-09-12T02:10:25.000Z,collect,0x7d381D70e3Cc6532Fd5546e5439bC3D5CeCD28DC,0x9cb3ee9eeaf028f0bf89638386439ecf85799087ac3c40ecf9a89a3b157d6b08,success,0x310baFC75bFF39BEf7BFdCDcBeF6Cac140e37fBe,20406031
2026-09-12T02:10:32.000Z,distribute,0x7d381D70e3Cc6532Fd5546e5439bC3D5CeCD28DC,0x2c4a3741caf2048879c937afe2985456a124d7ff1e144e0c85c9a10ea8013555,success,0x13F5F9011f399067A80125D48c248B14791d1b2c,20406045
2026-09-12T02:10:55.000Z,claim,0x7d381D70e3Cc6532Fd5546e5439bC3D5CeCD28DC,0x35ab946a7d41a51f69ccd03febaeb4b5a6b218bf587dbc3622fa6cd02a101813,success,0x13F5F9011f399067A80125D48c248B14791d1b2c,20406090
2026-09-12T02:12:22.000Z,collect,0x7d381D70e3Cc6532Fd5546e5439bC3D5CeCD28DC,0x3a97b2d0db4bc0b66806eebee43c45c85dc869031887a0d554eae66930534d9a,success,0x310baFC75bFF39BEf7BFdCDcBeF6Cac140e37fBe,20406263
2026-09-12T02:12:30.000Z,distribute,0x7d381D70e3Cc6532Fd5546e5439bC3D5CeCD28DC,0xf3059c7ce336c631c26fe55018c031d5aae206a05d0185e35253f6d5bbc6ce1f,success,0x13F5F9011f399067A80125D48c248B14791d1b2c,20406277
2026-09-12T02:12:38.000Z,claim,0x7d381D70e3Cc6532Fd5546e5439bC3D5CeCD28DC,0xca4fd0847c566600a5afdc2e4222966df065bc6ff6326faa19feed32be0912e9,success,0x13F5F9011f399067A80125D48c248B14791d1b2c,20406294
2026-09-12T02:12:55.000Z,collect,0x7d381D70e3Cc6532Fd5546e5439bC3D5CeCD28DC,0x2cfe82a9172a4e03e5d2ca8058a6b80c2ba6c02b153713d3eaeb28bbfa5029d3,success,0x310baFC75bFF39BEf7BFdCDcBeF6Cac140e37fBe,20406327
2026-09-12T02:13:02.000Z,distribute,0x7d381D70e3Cc6532Fd5546e5439bC3D5CeCD28DC,0x1bd82335a03a63cc446de8fb1b4a6d8f454478dbde0bdff641b83e70ba69e2b5,success,0x13F5F9011f399067A80125D48c248B14791d1b2c,20406341
2026-09-12T02:13:09.000Z,claim,0x7d381D70e3Cc6532Fd5546e5439bC3D5CeCD28DC,0x02b65835ad318348132293c19d0130117b0e1a43380bd0ac25a9c7bfecbb2048,success,0x13F5F9011f399067A80125D48c248B14791d1b2c,20406355
2026-09-12T02:13:30.000Z,collect,0x7d381D70e3Cc6532Fd5546e5439bC3D5CeCD28DC,0xf2edffb19ea3e5d7f2ecffc47c13af2c49fcc2e24bc995b6608d5bb4a319f6ae,success,0x310baFC75bFF39BEf7BFdCDcBeF6Cac140e37fBe,20406396
2026-09-12T02:13:36.000Z,distribute,0x7d381D70e3Cc6532Fd5546e5439bC3D5CeCD28DC,0x99df91f4eb3969d954fa766701649e66b7d9d5ec6aca7f72aea342b85c084ac2,success,0x13F5F9011f399067A80125D48c248B14791d1b2c,20406409
2026-09-12T02:13:44.000Z,claim,0x7d381D70e3Cc6532Fd5546e5439bC3D5CeCD28DC,0xcc679a4a405d8c9b46deb589a410de207849a4e55895b63c99618815089e72f5,success,0x13F5F9011f399067A80125D48c248B14791d1b2c,20406424
2026-09-12T02:14:00.000Z,collect,0x7d381D70e3Cc6532Fd5546e5439bC3D5CeCD28DC,0x04de01a0e0e752eca898b04b3cc5a2be1df12e775d9e02f31af6ce763c892457,success,0x310baFC75bFF39BEf7BFdCDcBeF6Cac140e37fBe,20406456
2026-09-12T02:14:07.000Z,distribute,0x7d381D70e3Cc6532Fd5546e5439bC3D5CeCD28DC,0xca0db1bd9f66546e36e2550fb40b10c2d929bf7d5c65089de475afed4f72399a,success,0x13F5F9011f399067A80125D48c248B14791d1b2c,20406469
2026-09-12T02:14:14.000Z,claim,0x7d381D70e3Cc6532Fd5546e5439bC3D5CeCD28DC,0x5d707285d6f33995f2d004da2b783393eab955ce77073ea91694d4ba75d54a11,success,0x13F5F9011f399067A80125D48c248B14791d1b2c,20406484
2026-09-12T02:14:52.000Z,collect,0x7d381D70e3Cc6532Fd5546e5439bC3D5CeCD28DC,0x7dafc7897e24a7f5582a71facf5de50f8eba4de3cd9955bc945d73aa25010064,success,0x310baFC75bFF39BEf7BFdCDcBeF6Cac140e37fBe,20406558
2026-09-12T02:14:59.000Z,distribute,0x7d381D70e3Cc6532Fd5546e5439bC3D5CeCD28DC,0xe0095fe253b001314d06e4f5abbcba343456fe2309a2d342be8a0520024edaae,success,0x13F5F9011f399067A80125D48c248B14791d1b2c,20406571
2026-09-12T02:16:11.000Z,claim,0x7d381D70e3Cc6532Fd5546e5439bC3D5CeCD28DC,0xd3cf60b97fd9410eb26cfa7c1ff2ee2bb38cd88d39cccdb548e6447058feeee4,success,0x13F5F9011f399067A80125D48c248B14791d1b2c,20406715
2026-09-12T02:56:29.000Z,collect,0x94526A5Fb9d18545Ff1767C8A6ffD3eF1c716b6c,0x58823aa6a3cfe73f2dd3b147d0eca4293eece1c9d87ba3d0aab1907180474d2d,success,0x310baFC75bFF39BEf7BFdCDcBeF6Cac140e37fBe,20411491
2026-09-12T02:56:34.000Z,distribute,0x94526A5Fb9d18545Ff1767C8A6ffD3eF1c716b6c,0x5622d4b8a89ae31879649ddb1d8c81e76fa64929d6d3bab4904ff1aca52577d5,success,0x13F5F9011f399067A80125D48c248B14791d1b2c,20411501
2026-09-12T04:22:56.000Z,collect,0x94526A5Fb9d18545Ff1767C8A6ffD3eF1c716b6c,0xe75681e904f47a85e7396f72dc8b665f8f874edb4ed2d5c47d81eb21f6fb765d,success,0x310baFC75bFF39BEf7BFdCDcBeF6Cac140e37fBe,20421731
2026-09-12T04:23:00.000Z,distribute,0x94526A5Fb9d18545Ff1767C8A6ffD3eF1c716b6c,0x59dd2a28d8599d5ba13cbe7b9f9ffaa9ad7837111c63c591cbbedb1247c3130c,success,0x13F5F9011f399067A80125D48c248B14791d1b2c,20421739
2026-09-12T04:23:03.000Z,claim,0x94526A5Fb9d18545Ff1767C8A6ffD3eF1c716b6c,0x65d403a948055264f6ef6431582bc2ffadce54b377b349684c548ea013832edf,success,0x13F5F9011f399067A80125D48c248B14791d1b2c,20421745
2026-09-12T06:09:44.000Z,collect,0x94526A5Fb9d18545Ff1767C8A6ffD3eF1c716b6c,0x887a147eeccd8201fc6c85a7500e3a4e839633046c61b88add776d809104035f,success,0x310baFC75bFF39BEf7BFdCDcBeF6Cac140e37fBe,20434391
2026-09-12T06:09:47.000Z,distribute,0x94526A5Fb9d18545Ff1767C8A6ffD3eF1c716b6c,0x70181c1a18a45fb4e506a31f78a317ca9cfdc3fb66dc4084cbaabedd24ee758c,success,0x13F5F9011f399067A80125D48c248B14791d1b2c,20434397
2026-09-12T06:10:50.000Z,distribute,0x94526A5Fb9d18545Ff1767C8A6ffD3eF1c716b6c,0x77cae0c693ab70e4859e04192e5ab6636071ee5ad14ea392ce615472326e6675,success,0x13F5F9011f399067A80125D48c248B14791d1b2c,20434522
2026-09-12T06:11:54.000Z,distribute,0x94526A5Fb9d18545Ff1767C8A6ffD3eF1c716b6c,0xf3033c1db45712ff0b0c852082ab8e501c05239bb9b84afeec3d4bbd5f19c83a,success,0x13F5F9011f399067A80125D48c248B14791d1b2c,20434647
2026-09-12T08:03:13.000Z,collect,0x94526A5Fb9d18545Ff1767C8A6ffD3eF1c716b6c,0x2ecfda04a5febe2c3b898c93470d1c62609a22c618743dcb95eb624895bd7ceb,success,0x310baFC75bFF39BEf7BFdCDcBeF6Cac140e37fBe,20447805
2026-09-12T08:03:17.000Z,distribute,0x94526A5Fb9d18545Ff1767C8A6ffD3eF1c716b6c,0x807a67dbca81f22300607cbcd3ecc4049eeb9ff41a19b038829a3f6f75059800,success,0x13F5F9011f399067A80125D48c248B14791d1b2c,20447812
2026-09-12T09:56:43.000Z,collect,0x94526A5Fb9d18545Ff1767C8A6ffD3eF1c716b6c,0xbb50a50c99d80edc8de683023d224c7fb6c2984e947645ffb04b3ff2a33b5a3d,success,0x310baFC75bFF39BEf7BFdCDcBeF6Cac140e37fBe,20461238
2026-09-12T09:56:47.000Z,distribute,0x94526A5Fb9d18545Ff1767C8A6ffD3eF1c716b6c,0x3a3717091f3238444dc6466a193cf84d3a9eac66d27701c8b2812aa22d710990,success,0x13F5F9011f399067A80125D48c248B14791d1b2c,20461245
2026-09-12T10:19:54.000Z,distribute,0x7d381D70e3Cc6532Fd5546e5439bC3D5CeCD28DC,0xb2fdfa5505b79b3ffe49ad15eadc635f8d00a3c79178889b03c983e0223ce170,success,0x13F5F9011f399067A80125D48c248B14791d1b2c,20463981
2026-09-12T10:20:02.000Z,claim,0x7d381D70e3Cc6532Fd5546e5439bC3D5CeCD28DC,0x2764cc45aac6e2a2ec1246f4c6c64bc7c1f134b51dad0ad09f80e92ffa7940d8,success,0x13F5F9011f399067A80125D48c248B14791d1b2c,20463998
2026-09-12T10:48:59.000Z,collect,0x7d381D70e3Cc6532Fd5546e5439bC3D5CeCD28DC,0x76b7126037dea19a4e1f13b085db44d4d4ce4ad4aa1e873c6ec9743bdf5377d7,success,0x310baFC75bFF39BEf7BFdCDcBeF6Cac140e37fBe,20467432
2026-09-12T10:49:05.000Z,distribute,0x7d381D70e3Cc6532Fd5546e5439bC3D5CeCD28DC,0x1123cc04d62649c2a280db50eed3de74e0f9385131686512b9ef3a86be1d61eb,success,0x13F5F9011f399067A80125D48c248B14791d1b2c,20467444
2026-09-12T10:49:12.000Z,claim,0x7d381D70e3Cc6532Fd5546e5439bC3D5CeCD28DC,0xd0c99640fc3631e06a124573e1e1ffea67378d9ea72dd5cb09b0d5e680641e7c,success,0x13F5F9011f399067A80125D48c248B14791d1b2c,20467457
2026-09-12T12:25:33.000Z,collect,0x7d381D70e3Cc6532Fd5546e5439bC3D5CeCD28DC,0x18df6cd91cbde5cf778d3635fed8ccd0e08287e09093671580d79b2dceda7e27,success,0x310baFC75bFF39BEf7BFdCDcBeF6Cac140e37fBe,20478881
2026-09-12T12:25:39.000Z,distribute,0x7d381D70e3Cc6532Fd5546e5439bC3D5CeCD28DC,0x67b60a0cd7287f5661270266cd994b3eb7da75acfae1c7b818ea2a329e79a565,success,0x13F5F9011f399067A80125D48c248B14791d1b2c,20478894
2026-09-12T12:25:47.000Z,claim,0x7d381D70e3Cc6532Fd5546e5439bC3D5CeCD28DC,0xeaf890aba13c7f8fa17c501edd99c3f6e865600020ccbad641111741a032cf62,success,0x13F5F9011f399067A80125D48c248B14791d1b2c,20478909
2026-09-12T14:09:38.000Z,collect,0x94526A5Fb9d18545Ff1767C8A6ffD3eF1c716b6c,0x3234d85d7a12dfb1c196135760c98cdb57b7ee570897aa173ca82bcefc0f2c55,success,0x310baFC75bFF39BEf7BFdCDcBeF6Cac140e37fBe,20491225
2026-09-12T14:09:40.000Z,distribute,0x94526A5Fb9d18545Ff1767C8A6ffD3eF1c716b6c,0xe779d1abe32655b21a951b98a9548f295187e940811619a21b71dac805148d83,success,0x13F5F9011f399067A80125D48c248B14791d1b2c,20491230
2026-09-12T14:10:46.000Z,distribute,0x94526A5Fb9d18545Ff1767C8A6ffD3eF1c716b6c,0xbea0d5093ad7475aec9e015657731e68d725671e4581d778e58152ccea624452,success,0x13F5F9011f399067A80125D48c248B14791d1b2c,20491358
2026-09-12T14:29:55.000Z,distribute,0x7d381D70e3Cc6532Fd5546e5439bC3D5CeCD28DC,0x9207dcbd51706335973d5f882d1c8168b04ff17c0f5110e4d18279b7e12e17d9,success,0x13F5F9011f399067A80125D48c248B14791d1b2c,20493630
2026-09-12T14:30:03.000Z,claim,0x7d381D70e3Cc6532Fd5546e5439bC3D5CeCD28DC,0xaf4a1acfd6ca10842335b171991e0a307974808b1ad3dc01aa698ed54cb5ee7c,success,0x13F5F9011f399067A80125D48c248B14791d1b2c,20493645
2026-09-12T15:14:05.000Z,distribute,0x96145386E08123F311EBe5c3548EBe706f0d85Dc,0x4bbec4d06ab7c508ec581bf7b3878eb00c8f13caa09b87e82734cc2cfcc129e9,success,0x13F5F9011f399067A80125D48c248B14791d1b2c,20498874
