"symbol","name","token_id","ownership","registration_utc","registration_chain","registrant_address","registration_method","evidence","transaction_url","manager_owners_by_chain","deployments"
"WETH","Wrapped Ether","0x5c2cf12eccf48ab63313169ce192dc00af7c37a58bbc546ba4becf54df4962ea","Ownerless (assignable)","2026-06-16T17:34:11.000000Z","Ethereum","0x51E35197F837256b6F026cAF6f1B9A5970b229bA","registerOwnerlessToken","Explorer transaction + matching deployment event","https://eth.blockscout.com/tx/0x0a5a7c77a1667065063363d90c1183091c7cf9a8e95948deafd721d36f267a5a","Ethereum: 0x173d00f7e8702d176628963FbD4E1Bcc18B29F94; Arc: 0x173d00f7e8702d176628963FbD4E1Bcc18B29F94","Ethereum: 0xc02aaa39b223fe8d0a0e5c4f27ead9083c756cc2; Arc: 0x128cc466b61f542da60c70e3aa11c10e19b84edb"
"cirBTC","Circle Wrapped Bitcoin","0x3d26699fb5d40190fc3fa0dcbc1cd24e558355043c1997572ff9fd6efbb3fdca","Assigned owner","2026-06-27T19:51:11.000000Z","Ethereum","0xadB384F7fa7486422051D2a896417EAAb9E5A9D1","registerCustomToken","Explorer transaction + matching deployment event","https://eth.blockscout.com/tx/0x09ba8258600d7ae36c7c23602bad4850d7db4861a949ebe7dbf3e17f37f5bf05","Ethereum: 0x5de18bF4B0fC9263c4990d0DdaA7a7A1291E7cf7; Arc: 0x6603a317A8f83C0eB567c337E4CE0dd4313e7e6b","Ethereum: 0x72dfb2e44f59c5ad2bafe84314e5b99a7cd5075e; Arc: 0x171a4217b86a807a64eb94757db6849fb4bdbaa0"
"MCCT","My CCT","0x5028bdcda40e9b6756336b4fb2a751ba5aec3f5ef5cdd49aa1e1434cdc66abff","Assigned owner","2026-07-24T18:31:41.000Z","Arc","0x3b61abee91852714e4e99b09a1af3e9c13893ef1","deployCrossChainToken","RPC receipt + matching deployment event","https://www.arcexplorer.org/tx/0x47def9f942a85a6742e79a9bd070ed582a046b87c9f3e90d77fe9edaadc98b9f","Ethereum: 0x3b61AbEe91852714E4e99b09a1AF3e9C13893eF1; Arc: 0x3b61AbEe91852714E4e99b09a1AF3e9C13893eF1","Ethereum: 0x03fa33f9e009fa5d686f4f61a13b2023d85a8f32; Arc: 0x03fa33f9e009fa5d686f4f61a13b2023d85a8f32"
"MCCT","My CCT","0xb7e536a96f0d203c41c0b2410c3e74edd1816204b7653ff2c3c5ad56c21d5dd3","Assigned owner","2026-07-24T18:50:47.000000Z","Ethereum","0x3b61AbEe91852714E4e99b09a1AF3e9C13893eF1","registerCustomToken","Explorer transaction + matching deployment event","https://eth.blockscout.com/tx/0x75470c7e195fad41370f86694a054dc272c7ef225d4e10408b3164a305e12a47","Ethereum: 0x3b61AbEe91852714E4e99b09a1AF3e9C13893eF1; Arc: 0x3b61AbEe91852714E4e99b09a1AF3e9C13893eF1","Ethereum: 0x03fa33f9e009fa5d686f4f61a13b2023d85a8f32; Arc: 0x03fa33f9e009fa5d686f4f61a13b2023d85a8f32"
"MCCT","My CCT","0xaa8faf5ee5b8389dd92e652b301d9637e82a21a469bbcc3d5856a97f0aea4b96","Assigned owner","2026-07-24T18:59:50.000Z","Arc","0x3b61abee91852714e4e99b09a1af3e9c13893ef1","registerCustomToken","RPC receipt + matching deployment event","https://www.arcexplorer.org/tx/0x5d6426e0fc24a825e8c98f6327cb16267a716fb93165daed00e18aeb7ae3fc31","Ethereum: 0x3b61AbEe91852714E4e99b09a1AF3e9C13893eF1; Arc: 0x3b61AbEe91852714E4e99b09a1AF3e9C13893eF1","Ethereum: 0x692749f696ba669be3b037ba558342bddc2558d5; Arc: 0x03fa33f9e009fa5d686f4f61a13b2023d85a8f32"
"SMOKE","CCTPx Smoke Test Base 2026-08-11","0xd443e267d265d1b9e9ded4483604c1f9690dd6ad1408c5400a5b76b80691bafd","Zero-address owner (native test token)","2026-08-11T13:51:19.000Z","Base","0x8087837c3d8ddb780e84681acaf65ec999ae0231","deployCrossChainToken","RPC receipt + matching deployment event","https://base.blockscout.com/tx/0x50f51bfa2e140314bcc957e7497a8f9b10727867ded8c9a7570454a95b31b8cd","Base: 0x0000000000000000000000000000000000000000","Base: 0xe2303eccbd3416ce5f37d845cd9824ffa179ac6d"
"SMK","CCTPx Smoke Test v2","0x21cdd381cb67fd4a91b0d857395b4efb15a9ecc3aa8a87770f786bd0c8ce5633","Zero-address owner (native test token)","2026-08-11T19:23:59.000000Z","Ethereum","0x8087837C3d8Ddb780e84681acAf65Ec999Ae0231","deployCrossChainToken","Explorer transaction + matching deployment event","https://eth.blockscout.com/tx/0x6c62b6a333c1eb18c2a6d4e197cff12eb2ff8d01b8eee7a11e454d87980c49fc","Ethereum: 0x0000000000000000000000000000000000000000; Base: 0x0000000000000000000000000000000000000000; Arc: 0x0000000000000000000000000000000000000000; Avalanche: 0x0000000000000000000000000000000000000000; Optimism: 0x0000000000000000000000000000000000000000; Arbitrum: 0x0000000000000000000000000000000000000000; Polygon: 0x0000000000000000000000000000000000000000","Ethereum: 0xd9545314bf6084e8e6c12e4a29814a6a7363f268; Avalanche: 0xd9545314bf6084e8e6c12e4a29814a6a7363f268; Optimism: 0xd9545314bf6084e8e6c12e4a29814a6a7363f268; Arbitrum: 0xd9545314bf6084e8e6c12e4a29814a6a7363f268; Base: 0xd9545314bf6084e8e6c12e4a29814a6a7363f268; Polygon: 0xd9545314bf6084e8e6c12e4a29814a6a7363f268; Arc: 0xd9545314bf6084e8e6c12e4a29814a6a7363f268"
"SMK3","CCTPx Smoke Test v3","0x8fe7b7001f5179ae7b84a610d4b6ccabaa30b8fdc13356a8a72fcf8873d2b169","Zero-address owner (native test token)","2026-08-11T19:32:47.000000Z","Ethereum","0x8087837C3d8Ddb780e84681acAf65Ec999Ae0231","deployCrossChainToken","Explorer transaction + matching deployment event","https://eth.blockscout.com/tx/0xe3e2df96e9801ea3f073e0d5661be20ad2e4aba013434abc7462dd45e8cd692d","Ethereum: 0x0000000000000000000000000000000000000000; Base: 0x0000000000000000000000000000000000000000; Arc: 0x0000000000000000000000000000000000000000; Avalanche: 0x0000000000000000000000000000000000000000; Optimism: 0x0000000000000000000000000000000000000000; Arbitrum: 0x0000000000000000000000000000000000000000; Polygon: 0x0000000000000000000000000000000000000000","Ethereum: 0xef7ebe8b184ebd0f92c9b25b8ccdd4c4ff69eece; Avalanche: 0xef7ebe8b184ebd0f92c9b25b8ccdd4c4ff69eece; Optimism: 0xef7ebe8b184ebd0f92c9b25b8ccdd4c4ff69eece; Arbitrum: 0xef7ebe8b184ebd0f92c9b25b8ccdd4c4ff69eece; Base: 0xef7ebe8b184ebd0f92c9b25b8ccdd4c4ff69eece; Polygon: 0xef7ebe8b184ebd0f92c9b25b8ccdd4c4ff69eece; Arc: 0xef7ebe8b184ebd0f92c9b25b8ccdd4c4ff69eece"
"EURC","Euro Coin","0x6ca9e29fa53becc29becaf4a90b9ca7a995ad4d2234880da13ca38c657fb241c","Assigned owner","2026-08-13T14:30:23.000000Z","Ethereum","0xB75cAfC9cf629C8BD5E7d18E2e14be4df59f0e0c","registerCustomToken","Explorer transaction + matching deployment event","https://eth.blockscout.com/tx/0x707c14f303e1036abf6b118d28ffeea33fece5f5f8df35985cfd75fcf5be636b","Ethereum: 0xa812f0A86F83701f1BC3d9b6ef737A45a046EE42; Base: 0x70C966c661C38b6F4019966AfD8579B989fD0244; Arc: 0x7dBaf9C6db35c489fd2ddc3503b9801887639289","Ethereum: 0x1abaea1f7c830bd89acc67ec4af516284b1bc33c; Base: 0x60a3e35cc302bfa44cb288bc5a4f316fdb1adb42; Arc: 0xbef5f6d51cb62b58e6a8f77868681825c6fe21c1"
"PEPE","Pepe","0x697fe49c1501b47a3f132867a9d763791f2b888ad8f5a512fecc59927a9b0c3f","Ownerless (assignable)","2026-09-23T20:45:11.000Z","Ethereum","0xb053c334d151374fc19f784ebd543b73701ddfd8","registerOwnerlessToken","RPC receipt + matching deployment event","https://eth.blockscout.com/tx/0x6bb0c7e4a67ad83cc59545fb3d4d63fa7aee041f894aab39f17a31007320be00","Ethereum: 0x173d00f7e8702d176628963FbD4E1Bcc18B29F94; Arc: 0x173d00f7e8702d176628963FbD4E1Bcc18B29F94","Ethereum: 0x6982508145454ce325ddbe47a25d4ec3d2311933; Arc: 0x4965ed9411cd778c5954b7b23f51fe9a3f05f26e"
"Mog","Mog Coin","0x082795116fb8e26d05d63c3cb04853b003d3c4fb97cb26f994431bbe239deb88","Ownerless (assignable)","2026-09-23T22:52:59.000Z","Ethereum","0xb053c334d151374fc19f784ebd543b73701ddfd8","registerOwnerlessToken","RPC receipt + matching deployment event","https://eth.blockscout.com/tx/0x091b00fb22f81ddaed10e18dc816ae6acecff362e521738e65fcc99c2250d540","Ethereum: 0x173d00f7e8702d176628963FbD4E1Bcc18B29F94; Arc: 0x173d00f7e8702d176628963FbD4E1Bcc18B29F94","Ethereum: 0xaaee1a9723aadb7afa2810263653a34ba2c21c7a; Arc: 0x890cdd22e41af1788be02922dc51c7f3ce09d70c"
"SHIB","SHIBA INU","0x1b052a43e401a70bb4ab06fa2e5b7cbc8d47a33a1ac0b6ba2a95ef7c4e5fdfec","Ownerless (assignable)","2026-09-23T22:52:59.000Z","Ethereum","0xb053c334d151374fc19f784ebd543b73701ddfd8","registerOwnerlessToken","RPC receipt + matching deployment event","https://eth.blockscout.com/tx/0x73a73dd5bc1b158a19caa403dcaa8486afaea7a788d6a40791400462824531ed","Ethereum: 0x173d00f7e8702d176628963FbD4E1Bcc18B29F94; Arc: 0x173d00f7e8702d176628963FbD4E1Bcc18B29F94","Ethereum: 0x95ad61b0a150d79219dcf64e1e6cc01f0b64c4ce; Arc: 0x1798af2fbd2f33dc4ac5518dcb09e5a5789418c5"
"ENA","ENA","0x3a53c99271bea5c86e4ab8af335990b99c7d4ce1d4bf0bbd3b3193983a0dbaf7","Ownerless (assignable)","2026-09-23T22:52:59.000Z","Ethereum","0xb053c334d151374fc19f784ebd543b73701ddfd8","registerOwnerlessToken","RPC receipt + matching deployment event","https://eth.blockscout.com/tx/0xc9ff80cc566e24a29ba1efa068701883eafc6c63cddab3099d16acc3e187038d","Ethereum: 0x173d00f7e8702d176628963FbD4E1Bcc18B29F94; Arc: 0x173d00f7e8702d176628963FbD4E1Bcc18B29F94","Ethereum: 0x57e114b691db790c35207b2e685d4a43181e6061; Arc: 0x039495ae4600721dde131e6bbd9caaeedc2f8b0b"
"SPX","SPX6900","0xa676a71c32865c1b8ce37802658f5dc02cf8afaa0cdb93b87e2879da81abc035","Ownerless (assignable)","2026-09-23T22:52:59.000Z","Ethereum","0xb053c334d151374fc19f784ebd543b73701ddfd8","registerOwnerlessToken","RPC receipt + matching deployment event","https://eth.blockscout.com/tx/0xef217c0750e402b56389a7d0a68ae0ab43ef2993f00b07b02551606319bfcf76","Ethereum: 0x173d00f7e8702d176628963FbD4E1Bcc18B29F94; Arc: 0x173d00f7e8702d176628963FbD4E1Bcc18B29F94","Ethereum: 0xe0f63a424a4439cbe457d80e4f4b51ad25b2c56c; Arc: 0x45b51bc9bc13f6756ad8d4955635a1d4beacd639"
"ONDO","Ondo","0x383d5ff225159b357b9c22f60fe262e17e0800360a364855fd624a0b26a73b24","Ownerless (assignable)","2026-09-23T22:53:11.000Z","Ethereum","0xb053c334d151374fc19f784ebd543b73701ddfd8","registerOwnerlessToken","RPC receipt + matching deployment event","https://eth.blockscout.com/tx/0xe2041558656af2a8a9892dd8e9d8240046286f81a3bc9a9f4422172d86d5a4f0","Ethereum: 0x173d00f7e8702d176628963FbD4E1Bcc18B29F94; Arc: 0x173d00f7e8702d176628963FbD4E1Bcc18B29F94","Ethereum: 0xfaba6f8e4a5e8ab82f62fe7c39859fa577269be3; Arc: 0x5a1dfb15d0e2edf47618702cee0dbb256fe5d058"
"LINK","ChainLink Token","0x14f80cf1c5d5b09780f0f1c4bc9402da8520661a8f663f05a0d2dbd3da7fb11f","Ownerless (assignable)","2026-09-23T22:53:23.000Z","Ethereum","0xb053c334d151374fc19f784ebd543b73701ddfd8","registerOwnerlessToken","RPC receipt + matching deployment event","https://eth.blockscout.com/tx/0x240e28242598720253efdb82c50f3dee4acbf2fd93b53dd5382be6712213f1d0","Ethereum: 0x173d00f7e8702d176628963FbD4E1Bcc18B29F94; Arc: 0x173d00f7e8702d176628963FbD4E1Bcc18B29F94","Ethereum: 0x514910771af9ca656af840dff83e8264ecf986ca; Arc: 0x6dbfc59e951034e858a152a0eb107f355084ed8a"
"ENS","Ethereum Name Service","0x75652badbe7972ba76e4d9a29b8b71ee268663af667f4b5dd34b794c2f14f4b7","Ownerless (assignable)","2026-09-23T22:53:23.000Z","Ethereum","0xb053c334d151374fc19f784ebd543b73701ddfd8","registerOwnerlessToken","RPC receipt + matching deployment event","https://eth.blockscout.com/tx/0x9f7b4d12854587292588763f9ce578d6c21fdf145c0717afddcbf3147f2c43d7","Ethereum: 0x173d00f7e8702d176628963FbD4E1Bcc18B29F94; Arc: 0x173d00f7e8702d176628963FbD4E1Bcc18B29F94","Ethereum: 0xc18360217d8f7ab5e7c516566761ea12ce7f9d72; Arc: 0xbc0722a2c720e63f6183f4699e5a961ee004ec11"
"TSLAon","Tesla (Ondo Tokenized)","0x02d69bcc318cb750f9a95d074432b2ad2c82f62e592a0b4e6f7baf996882105e","Ownerless (assignable)","2026-09-23T22:53:35.000Z","Ethereum","0xb053c334d151374fc19f784ebd543b73701ddfd8","registerOwnerlessToken","RPC receipt + matching deployment event","https://eth.blockscout.com/tx/0x1f867b2e36db7dccaf5b27641a3a48ee545d3cde329ababcd8719638e8407b15","Ethereum: 0x173d00f7e8702d176628963FbD4E1Bcc18B29F94; Arc: 0x173d00f7e8702d176628963FbD4E1Bcc18B29F94","Ethereum: 0xf6b1117ec07684d3958cad8beb1b302bfd21103f; Arc: 0x7de283100d916cfc7822a7664bcd7e9371e78d32"
"SLVon","iShares Silver Trust (Ondo Tokenized)","0x04ec2f5c1f9bb6f461f103075c913e40e0a2f2177efe504db4f48b4dff393ee6","Ownerless (assignable)","2026-09-23T22:53:35.000Z","Ethereum","0xb053c334d151374fc19f784ebd543b73701ddfd8","registerOwnerlessToken","RPC receipt + matching deployment event","https://eth.blockscout.com/tx/0x0f4cad223048f57a2719ee21e145206cfbdd666c7fbb2b76f41c58e5bb6704fd","Ethereum: 0x173d00f7e8702d176628963FbD4E1Bcc18B29F94; Arc: 0x173d00f7e8702d176628963FbD4E1Bcc18B29F94","Ethereum: 0xf3e4872e6a4cf365888d93b6146a2baa7348f1a4; Arc: 0xf1e9c8ec5ba4f98ccdc44a5d012d06b83fb8fe41"
"AAVE","Aave Token","0x088232c3ed1704e55cb36d4d624851721c7edc7feb1d6f03c46b37039d6371de","Ownerless (assignable)","2026-09-23T22:53:35.000Z","Ethereum","0xb053c334d151374fc19f784ebd543b73701ddfd8","registerOwnerlessToken","RPC receipt + matching deployment event","https://eth.blockscout.com/tx/0x48002933655b291fa773d0abfb9158e72d514abfe0d2c821be98e2a4eec12381","Ethereum: 0x173d00f7e8702d176628963FbD4E1Bcc18B29F94; Arc: 0x173d00f7e8702d176628963FbD4E1Bcc18B29F94","Ethereum: 0x7fc66500c84a76ad7e9c93437bfc5ac33e2ddae9; Arc: 0xb2dceeb933a87ba45875f5587c4455849771810d"
"LDO","Lido DAO Token","0x11d16372827196c6b042a3f3e39d5ca31ea66186e61cf78ada15c395bce1e1b0","Ownerless (assignable)","2026-09-23T22:53:35.000Z","Ethereum","0xb053c334d151374fc19f784ebd543b73701ddfd8","registerOwnerlessToken","RPC receipt + matching deployment event","https://eth.blockscout.com/tx/0x9e77b876539b90bdcaeda855b036f98f1b4b83617260dd7c36c67648d69f8e6a","Ethereum: 0x173d00f7e8702d176628963FbD4E1Bcc18B29F94; Arc: 0x173d00f7e8702d176628963FbD4E1Bcc18B29F94","Ethereum: 0x5a98fcbea516cf06857215779fd812ca3bef1b32; Arc: 0x24be0c52927404685bb712e1f3856a47e583ca0b"
"AMZNon","Amazon (Ondo Tokenized)","0x18933fb5d182c6ebc359a836b1f03d21bee7f1aa399782ceb53c4150a7c9b9a3","Ownerless (assignable)","2026-09-23T22:53:35.000Z","Ethereum","0xb053c334d151374fc19f784ebd543b73701ddfd8","registerOwnerlessToken","RPC receipt + matching deployment event","https://eth.blockscout.com/tx/0x030bb18a124277bb4db3448d42241af8654b7b7a08c37ccf62480c6af5c3441f","Ethereum: 0x173d00f7e8702d176628963FbD4E1Bcc18B29F94; Arc: 0x173d00f7e8702d176628963FbD4E1Bcc18B29F94","Ethereum: 0xbb8774fb97436d23d74c1b882e8e9a69322cfd31; Arc: 0x1adfa4849ee99c7fc7ebec5844fd682533212323"
"CRCLon","Circle Internet Group (Ondo Tokenized)","0x3647e065ddafd0acb5cf82fd4baded195cc5bb5d16c76a27a1ea4c9a8826db31","Ownerless (assignable)","2026-09-23T22:53:35.000Z","Ethereum","0xb053c334d151374fc19f784ebd543b73701ddfd8","registerOwnerlessToken","RPC receipt + matching deployment event","https://eth.blockscout.com/tx/0xda9d1f1c9ef2fdccb6cc9cfe2b3d71ce663293b76196ac6af919e7e31fb78cde","Ethereum: 0x173d00f7e8702d176628963FbD4E1Bcc18B29F94; Arc: 0x173d00f7e8702d176628963FbD4E1Bcc18B29F94","Ethereum: 0x3632dea96a953c11dac2f00b4a05a32cd1063fae; Arc: 0x543f1e0fca332eb3a5f668207a2f54934c1e2296"
"MSFTon","Microsoft (Ondo Tokenized)","0x1b92eb84644b9d63a651a05cbbad237d6e52c67d5d031c09806e75d264b4f77d","Ownerless (assignable)","2026-09-23T22:53:35.000Z","Ethereum","0xb053c334d151374fc19f784ebd543b73701ddfd8","registerOwnerlessToken","RPC receipt + matching deployment event","https://eth.blockscout.com/tx/0xb6595a5c2d5bfa2a3a63c92efad0a68081070cd1276a81b71877c30bad0c5d98","Ethereum: 0x173d00f7e8702d176628963FbD4E1Bcc18B29F94; Arc: 0x173d00f7e8702d176628963FbD4E1Bcc18B29F94","Ethereum: 0xb812837b81a3a6b81d7cd74cfb19a7f2784555e5; Arc: 0x2dbe7d8a69f03a400b04f6f0e66e5c07139473a6"
"GOOGLon","Alphabet Class A (Ondo Tokenized)","0x3adbbfb78811da89d5c8024449d22486df880b07c05c1d8a178b393fe96c031b","Ownerless (assignable)","2026-09-23T22:53:35.000Z","Ethereum","0xb053c334d151374fc19f784ebd543b73701ddfd8","registerOwnerlessToken","RPC receipt + matching deployment event","https://eth.blockscout.com/tx/0xe6c3c5f445246784e74337c6a5e808a7b80f50dc254d3150ef613eda97371c7a","Ethereum: 0x173d00f7e8702d176628963FbD4E1Bcc18B29F94; Arc: 0x173d00f7e8702d176628963FbD4E1Bcc18B29F94","Ethereum: 0xba47214edd2bb43099611b208f75e4b42fdcfedc; Arc: 0x52097cece2da600dc238b10c22f8c494c595d71b"
"PENDLE","Pendle","0x5748302c2d9fc1990c2153c917b81a3ae1d085d66615752dda3e04512456adf3","Ownerless (assignable)","2026-09-23T22:53:35.000Z","Ethereum","0xb053c334d151374fc19f784ebd543b73701ddfd8","registerOwnerlessToken","RPC receipt + matching deployment event","https://eth.blockscout.com/tx/0x5bc6f6280cd77446d6d18e9328f324072b5f1c86ceddcd97afb698b98f2f5124","Ethereum: 0x173d00f7e8702d176628963FbD4E1Bcc18B29F94; Arc: 0x173d00f7e8702d176628963FbD4E1Bcc18B29F94","Ethereum: 0x808507121b80c02388fad14726482e061b8da827; Arc: 0xa7a02ab57ff4f49f060da6da0faad1f28ea94d25"
"MORPHO","Morpho Token","0x41c156675c3a877f102035ed28223b485b95b1d665282e587ca92c492e30af84","Ownerless (assignable)","2026-09-23T22:53:35.000Z","Ethereum","0xb053c334d151374fc19f784ebd543b73701ddfd8","registerOwnerlessToken","RPC receipt + matching deployment event","https://eth.blockscout.com/tx/0xc95177dab5afed2ee35e54da2487ac43f6ce59c733c4c6f003d50b9b480e2127","Ethereum: 0x173d00f7e8702d176628963FbD4E1Bcc18B29F94; Arc: 0x173d00f7e8702d176628963FbD4E1Bcc18B29F94","Ethereum: 0x58d97b57bb95320f9a05dc918aef65434969c2b2; Arc: 0xccb689378588a247f186a0500830d1c8c4c4e52e"
"AAPLon","Apple (Ondo Tokenized)","0x539857939bbeb892fadffda36df98e772c74b2034d8f5ee30905fd51c6a517fd","Ownerless (assignable)","2026-09-23T22:53:35.000Z","Ethereum","0xb053c334d151374fc19f784ebd543b73701ddfd8","registerOwnerlessToken","RPC receipt + matching deployment event","https://eth.blockscout.com/tx/0x0690fa0f7bc455d92c1856c7e4c3c8480bbee4f9cf4d688075658f6ba5b0ad67","Ethereum: 0x173d00f7e8702d176628963FbD4E1Bcc18B29F94; Arc: 0x173d00f7e8702d176628963FbD4E1Bcc18B29F94","Ethereum: 0x14c3abf95cb9c93a8b82c1cdcb76d72cb87b2d4c; Arc: 0x7042f907266d5ff1c57529d36f9e8c731b569c10"
"UNI","Uniswap","0x6421b4cceb4a9a17ef5f10ff090cd948ae28d1668630756946cafea063586c9f","Ownerless (assignable)","2026-09-23T22:53:35.000Z","Ethereum","0xb053c334d151374fc19f784ebd543b73701ddfd8","registerOwnerlessToken","RPC receipt + matching deployment event","https://eth.blockscout.com/tx/0xe8a9e4b50fec98291103cd764f1f08aaf8698d3c4feaf591e3f2e3f6c2ff9396","Ethereum: 0x173d00f7e8702d176628963FbD4E1Bcc18B29F94; Arc: 0x173d00f7e8702d176628963FbD4E1Bcc18B29F94","Ethereum: 0x1f9840a85d5af5bf1d1762f925bdaddc4201f984; Arc: 0xdb88be9e557cd02efae5c84194dbab54fb38438c"
"ETHFI","ether.fi governance token","0x5ed4078ba4127c0ba9e4e8e5d7102a7aff6a8356b3f5e1bc5131e88e56b3b073","Ownerless (assignable)","2026-09-23T22:53:35.000Z","Ethereum","0xb053c334d151374fc19f784ebd543b73701ddfd8","registerOwnerlessToken","RPC receipt + matching deployment event","https://eth.blockscout.com/tx/0x48a3c81c43d52a1fe777d46db85d2356834ce9db5ab85e888bef6fd658bbb052","Ethereum: 0x173d00f7e8702d176628963FbD4E1Bcc18B29F94; Arc: 0x173d00f7e8702d176628963FbD4E1Bcc18B29F94","Ethereum: 0xfe0c30065b384f05761f15d0cc899d4f9f9cc0eb; Arc: 0xbd12a81704dd685026311700183b0584c358d244"
"VIRTUAL","Virtual Protocol","0x71c09869f5ff03cf3cdb2e73c56482aa6e0beada22fd6d3c304c6f7aa61a08f0","Ownerless (assignable)","2026-09-23T22:53:35.000Z","Ethereum","0xb053c334d151374fc19f784ebd543b73701ddfd8","registerOwnerlessToken","RPC receipt + matching deployment event","https://eth.blockscout.com/tx/0x447a96724539fea8c828b09939b69c15d4412d57c6d27c63b496e934a263efe7","Ethereum: 0x173d00f7e8702d176628963FbD4E1Bcc18B29F94; Arc: 0x173d00f7e8702d176628963FbD4E1Bcc18B29F94","Ethereum: 0x44ff8620b8ca30902395a7bd3f2407e1a091bf73; Arc: 0x3f1edbef6f66e0e516dfeb74dbd4a12113bf9034"
"PAXG","Paxos Gold","0x7262df93409b3a36427a14e0c7303ed0f8d3b7eaae85df8ff0bafca9b5c1a3a9","Ownerless (assignable)","2026-09-23T22:53:35.000Z","Ethereum","0xb053c334d151374fc19f784ebd543b73701ddfd8","registerOwnerlessToken","RPC receipt + matching deployment event","https://eth.blockscout.com/tx/0xf5069dc2aa3f381bce5fbf9d94d73acddf9dbce835dd7cec431102ecea3dc371","Ethereum: 0x173d00f7e8702d176628963FbD4E1Bcc18B29F94; Arc: 0x173d00f7e8702d176628963FbD4E1Bcc18B29F94","Ethereum: 0x45804880de22913dafe09f4980848ece6ecbaf78; Arc: 0xa3e0fa586126ae154712faff3c3573e708e901cf"
"TRX","TRON","0x8c6d918a8cadc1d77991bdcaa5c75e12ce189653fce05a6088c4ac934d30eafe","Ownerless (assignable)","2026-09-23T22:53:35.000Z","Ethereum","0xb053c334d151374fc19f784ebd543b73701ddfd8","registerOwnerlessToken","RPC receipt + matching deployment event","https://eth.blockscout.com/tx/0x43eabfcd71272f87a96d825c04c8256b4623cc1c49aaf3b5d88d4cd87dc46a4c","Ethereum: 0x173d00f7e8702d176628963FbD4E1Bcc18B29F94; Arc: 0x173d00f7e8702d176628963FbD4E1Bcc18B29F94","Ethereum: 0x50327c6c5a14dcade707abad2e27eb517df87ab5; Arc: 0x0fbbb24c4801fb3834cff643901eabfa59490593"
"RNDR","Render Token","0x7d00fb87f8f05b144cfd903ff8fb032d09fa1af5d504374037a7bd8f449e53ca","Ownerless (assignable)","2026-09-23T22:53:35.000Z","Ethereum","0xb053c334d151374fc19f784ebd543b73701ddfd8","registerOwnerlessToken","RPC receipt + matching deployment event","https://eth.blockscout.com/tx/0x744cea72b0d822a1f75e6ee8566e0e04c58389b608ccdf373f3997c65de0e121","Ethereum: 0x173d00f7e8702d176628963FbD4E1Bcc18B29F94; Arc: 0x173d00f7e8702d176628963FbD4E1Bcc18B29F94","Ethereum: 0x6de037ef9ad2725eb40118bb1702ebb27e4aeb24; Arc: 0x4ea93cf492bdddad4282c2bf32b44fbfe1192fb3"
"XAUt","Tether Gold","0xa3b4102964d1d6151cbfba370378d4ac7c98550b0a03a90345ad8b736b6f0ff1","Ownerless (assignable)","2026-09-23T22:53:35.000Z","Ethereum","0xb053c334d151374fc19f784ebd543b73701ddfd8","registerOwnerlessToken","RPC receipt + matching deployment event","https://eth.blockscout.com/tx/0xbf59f643aea88557acacdfa094cd26d85db08d9c3fae6fd6021cb3c22aa71683","Ethereum: 0x173d00f7e8702d176628963FbD4E1Bcc18B29F94; Arc: 0x173d00f7e8702d176628963FbD4E1Bcc18B29F94","Ethereum: 0x68749665ff8d2d112fa859aa293f07a622782f38; Arc: 0xb8777ad70c0116b21810bc938b1b28a130319e89"
"FET","Fetch","0xa6288714e8ad6de96b60b7d2ff5530117f6fa34f1b0e88e2cf58e6284d71bd22","Ownerless (assignable)","2026-09-23T22:53:35.000Z","Ethereum","0xb053c334d151374fc19f784ebd543b73701ddfd8","registerOwnerlessToken","RPC receipt + matching deployment event","https://eth.blockscout.com/tx/0xc89a00f9f169737d1c83abab97becd5879650f21528517aa29dc2909000ecf72","Ethereum: 0x173d00f7e8702d176628963FbD4E1Bcc18B29F94; Arc: 0x173d00f7e8702d176628963FbD4E1Bcc18B29F94","Ethereum: 0xaea46a60368a7bd060eec7df8cba43b7ef41ad85; Arc: 0xe1f05945bc9a16d976af1e21546dae45c492fded"
"EIGEN","Eigen","0xc24d472b3cb6a2a19c5b5462a023a142e1d091d70a7e478a5c8967dc85c0b43d","Ownerless (assignable)","2026-09-23T22:53:35.000Z","Ethereum","0xb053c334d151374fc19f784ebd543b73701ddfd8","registerOwnerlessToken","RPC receipt + matching deployment event","https://eth.blockscout.com/tx/0xcef4b7d5f3a8a593f59144c8aeec024933f28561281233113350a3fc02feac9d","Ethereum: 0x173d00f7e8702d176628963FbD4E1Bcc18B29F94; Arc: 0x173d00f7e8702d176628963FbD4E1Bcc18B29F94","Ethereum: 0xec53bf9167f50cdeb3ae105f56099aaab9061f83; Arc: 0xb806e57506c73d42abd58e3a80f239c7aa037b15"
"COINon","Coinbase (Ondo Tokenized)","0xbfa80bd308da93764278049b4614025db9bfcf629c862e3bb48c9fdec9f154ee","Ownerless (assignable)","2026-09-23T22:53:35.000Z","Ethereum","0xb053c334d151374fc19f784ebd543b73701ddfd8","registerOwnerlessToken","RPC receipt + matching deployment event","https://eth.blockscout.com/tx/0x6b765536e152f608628cdde6bf23998a8688f02fac01dad69c45884915df622c","Ethereum: 0x173d00f7e8702d176628963FbD4E1Bcc18B29F94; Arc: 0x173d00f7e8702d176628963FbD4E1Bcc18B29F94","Ethereum: 0xf042cfa86cf1d598a75bdb55c3507a1f39f9493b; Arc: 0x090816b08e9edba445835cba3af774117ff0a865"
"WLD","Worldcoin","0xcbd9ac1a88429daa4d633d5ff33113845f516b1f3d6a5ffce59c403b2582470a","Ownerless (assignable)","2026-09-23T22:53:35.000Z","Ethereum","0xb053c334d151374fc19f784ebd543b73701ddfd8","registerOwnerlessToken","RPC receipt + matching deployment event","https://eth.blockscout.com/tx/0xec747bf2a49b71134873248453c3615050465389d2aabfb32a8a8179a09b5a50","Ethereum: 0x173d00f7e8702d176628963FbD4E1Bcc18B29F94; Arc: 0x173d00f7e8702d176628963FbD4E1Bcc18B29F94","Ethereum: 0x163f8c2467924be0ae7b5347228cabf260318753; Arc: 0x3b08162074b447cfae5c75d8c9df30c7cb804da4"
"SOL","Wrapped SOL","0xd0dec03ef1ae8a1c24aa6d63e321807170a4974490ca70518c819b1f27a5738b","Ownerless (assignable)","2026-09-23T22:53:35.000Z","Ethereum","0xb053c334d151374fc19f784ebd543b73701ddfd8","registerOwnerlessToken","RPC receipt + matching deployment event","https://eth.blockscout.com/tx/0x1b25331cd5e075336a80f44bf962a3260c3a4d533ec3cd9e233e1edb451cb43d","Ethereum: 0x173d00f7e8702d176628963FbD4E1Bcc18B29F94; Arc: 0x173d00f7e8702d176628963FbD4E1Bcc18B29F94","Ethereum: 0xd31a59c85ae9d8edefec411d448f90841571b89c; Arc: 0x871120a830959b79761851764b06a658d1f589c9"
"NVDAon","NVIDIA (Ondo Tokenized)","0xcfd8957c3edb3bf7ce5d72df3cf047a58f01fc44cc0223b3a111b1135762b444","Ownerless (assignable)","2026-09-23T22:53:35.000Z","Ethereum","0xb053c334d151374fc19f784ebd543b73701ddfd8","registerOwnerlessToken","RPC receipt + matching deployment event","https://eth.blockscout.com/tx/0x9507eadbba14bb1563016d24ea47f31cf8f9aa76a1dd45b793f16f7db2aa5e41","Ethereum: 0x173d00f7e8702d176628963FbD4E1Bcc18B29F94; Arc: 0x173d00f7e8702d176628963FbD4E1Bcc18B29F94","Ethereum: 0x2d1f7226bd1f780af6b9a49dcc0ae00e8df4bdee; Arc: 0x65a70add2abe2051373a92f4a951d34eefdffa90"
"SPYon","SPDR S&P 500 ETF (Ondo Tokenized)","0xd7058b0f60f69692b5bdb94ae870b00d0c2fdf77b90e8ee13c0e8a4e6a30ff6b","Ownerless (assignable)","2026-09-23T22:53:35.000Z","Ethereum","0xb053c334d151374fc19f784ebd543b73701ddfd8","registerOwnerlessToken","RPC receipt + matching deployment event","https://eth.blockscout.com/tx/0x410358b58fc94613e0eb12e77ad054d144b4d490fc478ac22dd04e6ce181a649","Ethereum: 0x173d00f7e8702d176628963FbD4E1Bcc18B29F94; Arc: 0x173d00f7e8702d176628963FbD4E1Bcc18B29F94","Ethereum: 0xfedc5f4a6c38211c1338aa411018dfaf26612c08; Arc: 0x9ea7792cd23f69327fab2008f3e5c9c567bd1140"
"SPCXon","SpaceX (Ondo Tokenized)","0xea1d9e5fdda47401443d3cfecf71b76a9829dda7496f991b7506798556510063","Ownerless (assignable)","2026-09-23T22:53:35.000Z","Ethereum","0xb053c334d151374fc19f784ebd543b73701ddfd8","registerOwnerlessToken","RPC receipt + matching deployment event","https://eth.blockscout.com/tx/0xdcabfe2a04f259f60702c23679a56aa11b39ac411b45d71b4c845b2d77aefa3f","Ethereum: 0x173d00f7e8702d176628963FbD4E1Bcc18B29F94; Arc: 0x173d00f7e8702d176628963FbD4E1Bcc18B29F94","Ethereum: 0xc9eef266834730340a55b6cc24621b31baf55581; Arc: 0xb5ed2be7d25174698f9017b63f3a883e04b042bb"
"MSTRon","MicroStrategy (Ondo Tokenized)","0xfe1a52a800c2dbf21bfe2c0f0d554518e162b1e908ba0163be0e0f9a7ca54658","Ownerless (assignable)","2026-09-23T22:53:35.000Z","Ethereum","0xb053c334d151374fc19f784ebd543b73701ddfd8","registerOwnerlessToken","RPC receipt + matching deployment event","https://eth.blockscout.com/tx/0xf4f6fd0a167a971428e0dafc7fb419c15860c459485c2fd2dd57d54129dfae8e","Ethereum: 0x173d00f7e8702d176628963FbD4E1Bcc18B29F94; Arc: 0x173d00f7e8702d176628963FbD4E1Bcc18B29F94","Ethereum: 0xcabd955322dfbf94c084929ac5e9eca3feb5556f; Arc: 0x2fd4b76734d9a48b419f7bbb072fb5cfaddb1c2a"
"ARGUS","Argus","0xc476e1fea404e28b324c727a1bba343ab29413af46f01ea9ce16b2f7838f7c54","Ownerless (assignable)","2026-09-24T02:21:03.000Z","Arc","0x7d381d70e3cc6532fd5546e5439bc3d5cecd28dc","registerOwnerlessToken","RPC receipt + matching deployment event","https://www.arcexplorer.org/tx/0xf80e894681fbc279b909daa56637fc09a6843e1c270dd24da8ca848a393b87c4","Base: 0x173d00f7e8702d176628963FbD4E1Bcc18B29F94; Arc: 0x173d00f7e8702d176628963FbD4E1Bcc18B29F94","Base: 0x6fde9ed3802af7e95f4fcb36fde2f57ea6bc3e68; Arc: 0xece5ca8bf9220718e5727754026757512212cb3c"
"TT3","Test Token 3","0x2f73eba61e907d15a6e53e02a7553777db01dd81d162e6e9c652c083c5f7d777","Unverified: no deployments","Unknown","Unknown","Unknown","Unknown","Unavailable","","",""
"TT","Test Token","0x848ded7436e0542f2efec287a379006f44f42ad74618be13c9dd30c1302e5f69","Unverified: no deployments","Unknown","Unknown","Unknown","Unknown","Unavailable","","",""
"TT2","Test Token 2","0xccae1cc56731dd88a44b59115b742874bf6de25e8aa85d79efcee4d84497b9b9","Unverified: no deployments","Unknown","Unknown","Unknown","Unknown","Unavailable","","",""
