wallet,chain,symbol,address,balance,usdValue,pricedAt,status
"Personal1","Arc","USDC (native)","native","0.000084","0.000084","2026-09-21T14:25:19.535Z","Verified balance; USDC valued at $1"
"Personal2","Arc","USDC (native)","native","3.4972565248953094","3.4972565248953096","2026-09-21T14:25:19.535Z","Verified balance; USDC valued at $1"
"Personal3","Arc","USDC (native)","native","0","0","2026-09-21T14:25:19.535Z","Verified balance; USDC valued at $1"
"Personal4","Arc","USDC (native)","native","0.0007916244876456","0.0007916244876456","2026-09-21T14:25:19.535Z","Verified balance; USDC valued at $1"
"Personal5","Arc","USDC (native)","native","0.0007896000300048","0.0007896000300048","2026-09-21T14:25:19.535Z","Verified balance; USDC valued at $1"
"Personal6","Arc","USDC (native)","native","0.00078960294","0.00078960294","2026-09-21T14:25:19.535Z","Verified balance; USDC valued at $1"
"Personal7","Arc","USDC (native)","native","0.0007889848974","0.0007889848974","2026-09-21T14:25:19.535Z","Verified balance; USDC valued at $1"
"Personal8","Arc","USDC (native)","native","0.0007896000294","0.0007896000294","2026-09-21T14:25:19.535Z","Verified balance; USDC valued at $1"
"Personal9","Arc","USDC (native)","native","0.0008001010237836","0.0008001010237836","2026-09-21T14:25:19.535Z","Verified balance; USDC valued at $1"
"Personal9","Arc","cirBTC","0x56dc1Ad7f28e644Ca905E734fb89d9FFE724C79D","20","","","Verified balance; price unavailable"
"Personal9","Arc","cirBTC","0xd4619f378062e2DF74D3f40C631394d853074dcC","20","","","Verified balance; price unavailable"
"Personal9","Arc","cirBTC","0x9f5D8d3244A7164fab034d7F1d4BE383DB4985C8","10","","","Verified balance; price unavailable"
"Personal9","Arc","CIRCLED","0x75fD9e66644069F161fc3664fBa456eEa91E094F","10","","","Verified balance; price unavailable"
"Personal9","Arc","CRCL","0xfCC0422F47ea6381fbe12ac8F0C1535558C4A835","100","","","Verified balance; price unavailable"
"Personal9","Arc","VALI","0x84C72fB4231e45e04F230aCA1c2A90fcd72EB371","53724.231816413846752236","","","Verified balance; price unavailable"
"Personal10","Arc","USDC (native)","native","0.0007896044394","0.0007896044394","2026-09-21T14:25:19.535Z","Verified balance; USDC valued at $1"
"Personal10","Base","ETH","0xEeeeeEeeeEeEeeEeEeEeeEEEeeeeEeeeeeeeEEeE","0.000000230810131236","0.0006285963897627156","2026-09-21T14:16:35.975Z","CDP balance; spot estimate"
"Personal10","Base","PPOLY","0xBd3d2347d599a766b3511ccD14D0a6352E4DfF8F","9","","2026-09-21T14:16:36.285Z","CDP balance; price unavailable"
"Personal10","Base","AGAI","0x510B7bD66f53d0b9B735250edf1E6e2562a66A18","9","","2026-09-21T14:16:36.285Z","CDP balance; price unavailable"
"Personal10","Base","ECX","0x8014Ef9CeE977fe7dDeF1e33114D5272626302F1","9","","2026-09-21T14:16:36.285Z","CDP balance; price unavailable"
"arguswallet","Arc","USDC (native)","native","3.767432459362906178","3.7674324593629063","2026-09-21T14:25:19.535Z","Verified balance; USDC valued at $1"
"arguswallet","Arc","0XAGENT","0x3f548a2E7118C44EE66936E25093dC854a12cF3A","3592.748631445472804554","0.008926241676585567","2026-09-21T14:17:15.000Z","Verified balance; spot estimate"
"arguswallet","Arc","1","0x3Fdf8962609327BD6c925c33f440cAc6fDa65869","13.399264103865132","0.00003748894899760472","2026-09-21T14:17:08.000Z","Verified balance; spot estimate"
"arguswallet","Arc","5042","0xa4cE04488Ac414f3D010A1840146174b2aD55042","321.078451036128083968","","","Verified balance; price unavailable"
"arguswallet","Arc","ACAT","0x75FcE983FbB59B19271A4dAE8fC370d1081CF05b","500","0.0012403852275058819","2026-09-21T14:17:15.000Z","Verified balance; spot estimate"
"arguswallet","Arc","AETHER","0x46Cf42F7d99d60EAA8C01CC8b776629E4785D36b","3587.536831040685813461","0.008900731169229388","2026-09-21T14:17:15.000Z","Verified balance; spot estimate"
"arguswallet","Arc","AGENT402","0x3BF7438085b9481F5F1c7a13e8252120484260B1","3587.536831040685813461","0.008900815552983525","2026-09-21T14:17:19.000Z","Verified balance; spot estimate"
"arguswallet","Arc","AGENTPAY","0x7fB62106C1a3901ec2f162aaFAfB3aBC5a75143b","7174.648499944878018436","0.0178026860119341","2026-09-21T14:17:19.000Z","Verified balance; spot estimate"
"arguswallet","Arc","AIMLESS","0x2F3e3FB163b9052913ec30ddb43FFCCb969AEAA1","6701.395064038371646916","0.016628387044733513","2026-09-21T14:17:19.000Z","Verified balance; spot estimate"
"arguswallet","Arc","ANIMALCULT","0x3Ebd0Ce625779201BfE20a6C3b0BCe71071ca94E","7174.648499944878018436","0.0178026860119341","2026-09-21T14:17:20.000Z","Verified balance; spot estimate"
"arguswallet","Arc","APECIRCUIT","0xD3a21454d98F92F88B05D5A80E013633Dc1eCF61","3587.536831040685813461","0.008900815552983525","2026-09-21T14:17:24.000Z","Verified balance; spot estimate"
"arguswallet","Arc","APEXCORE","0x1e9ba515d53E721936B2D582aF46826b8cB6909B","7174.648499944877732332","0.01780257777804811","2026-09-21T14:17:24.000Z","Verified balance; spot estimate"
"arguswallet","Arc","APOGEON","0xb41b5BbEc0122678C15Bc8A8e6272814e3Dd6D9B","3595.042964703253045094","0.008919347116897295","2026-09-21T14:17:24.000Z","Verified balance; spot estimate"
"arguswallet","Arc","AQUALIS","0x02D42aF5ebC8fC05F05caA75facABF51F6Ee142c","3595.042964703252658674","0.008920146872012561","2026-09-21T14:17:24.000Z","Verified balance; spot estimate"
"arguswallet","Arc","ARBULL","0xB77a0F4d086Dfb67D57C0156FAF9D604F4384669","38623.806677140192874948","0.06400082028351976","2026-09-21T14:16:31.000Z","Verified balance; spot estimate"
"arguswallet","Arc","ARC","0x11AA0248b36f2dcbF50Ac5D2fD4a3d4Ff66bfb03","1000","0.0024874531940410906","2026-09-21T14:17:29.000Z","Verified balance; spot estimate"
"arguswallet","Arc","ARCA","0xF449366883eEdfB81f79fCa946595ea5603d4424","3587.536831040685813461","0.008913248807950094","2026-09-21T14:17:29.000Z","Verified balance; spot estimate"
"arguswallet","Arc","ARCAD","0x0C114Cf3DeA3e8B761bf11dE86d62dA6C29ec3dF","112.988240553376251904","","","Verified balance; price unavailable"
"arguswallet","Arc","ARCADIA","0x12ce458A324a5401C787be63BCA1739ce5634EEc","7174.648499944877732332","0.01780231050217595","2026-09-21T14:17:30.000Z","Verified balance; spot estimate"
"arguswallet","Arc","ARCAGENTS","0x3A4c13cd4F80c12DAB70262776fD448F36F65665","7174.648499944878018436","0.0178026860119341","2026-09-21T14:17:34.000Z","Verified balance; spot estimate"
"arguswallet","Arc","ARCANA","0xe16Ca791605bd7d38f2a285CbF5E5F8786f69115","3587.536831040685813461","0.008900815552983525","2026-09-21T14:17:34.000Z","Verified balance; spot estimate"
"arguswallet","Arc","ARCANINE","0xCD45554c07dD93c839Ac3A594996FeeB75097B6A","205.796062357836660736","","","Verified balance; price unavailable"
"arguswallet","Arc","ARCASTFISH","0x22491Bcf1317F2F16B12e526b741fff9840C9831","7174.648499944877732332","0.017802686011934098","2026-09-21T14:17:34.000Z","Verified balance; spot estimate"
"arguswallet","Arc","ARCBANKER","0xee2951821A85f07C46e94da661c31211F57aE4e6","7189.659877711528462478","0.017839934226252654","2026-09-21T14:17:34.000Z","Verified balance; spot estimate"
"arguswallet","Arc","ARCBITS","0x2394f583A3DDf9F0Ab0a2d7E9093c04594E0219F","7174.648499944877732332","0.017802686011934098","2026-09-21T14:17:38.000Z","Verified balance; spot estimate"
"arguswallet","Arc","ARCBOOK","0xE9F3FfD824690aC9706AA59eC852f64b31147845","7189.659877711528462478","0.017839934226252654","2026-09-21T14:17:38.000Z","Verified balance; spot estimate"
"arguswallet","Arc","ARCFLOW","0xC14bCA6Dd65fadbcE8C4937F9b4F139e0556D319","7174.648499944878018436","0.017802869776934495","2026-09-21T14:17:38.000Z","Verified balance; spot estimate"
"arguswallet","Arc","ARCFUN","0xFd98DFb96ddDe7966EDe952B78FB9A5Bc3e1A6C8","7174.648499944878018436","0.0178026860119341","2026-09-21T14:17:40.000Z","Verified balance; spot estimate"
"arguswallet","Arc","Archi","0x73417A3c04CbA9d0Baa0A487078f60B6d185c09B","141.324601930153213952","","","Verified balance; price unavailable"
"arguswallet","Arc","ARCHIPELAGO","0x11AE1527F440784fDb243f51A4f22e6ebf26b274","7174.648499944877732332","0.017802686011934098","2026-09-21T14:17:43.000Z","Verified balance; spot estimate"
"arguswallet","Arc","ARCHIVE","0x7FB865D2ab622B3cB4086D6A330409d4B0D307ca","7189.659877711528462478","0.017839934226252654","2026-09-21T14:17:43.000Z","Verified balance; spot estimate"
"arguswallet","Arc","ARCROUTER","0xf35cE43d3F018d6B0E44eB8a026e6A0110ebd16f","3595.042964703253045094","0.00891936572219463","2026-09-21T14:17:43.000Z","Verified balance; spot estimate"
"arguswallet","Arc","ARCSHIB","0x08fd0835aB6ADEEc1e8E7B6B5a0386D3ab482e76","1000","0.002891944420367295","2026-09-21T14:17:48.000Z","Verified balance; spot estimate"
"arguswallet","Arc","ARCSTACKERS","0x7FC819d9cf8069B78bE6f7C9E36184CA36FE72CC","7174.648499944878018436","0.0178026860119341","2026-09-21T14:17:48.000Z","Verified balance; spot estimate"
"arguswallet","Arc","ARCWHEEL","0x8eAaAcB29D34417b3F1b83E5Bfb3C5Dbb9d8b6C3","7174.648499944878018436","0.0178026860119341","2026-09-21T14:17:48.000Z","Verified balance; spot estimate"
"arguswallet","Arc","ARGEN","0xFE517258735e590b57849BD9fd991ECBeC50599f","201.607399840998948864","","","Verified balance; price unavailable"
"arguswallet","Arc","ARGENTO","0x9CA4B2173c257D8676982b9cD15FB361CcFf61A9","3587.536831040685813461","0.008900815552983525","2026-09-21T14:17:50.000Z","Verified balance; spot estimate"
"arguswallet","Arc","ARGSTR","0x743081485d213946A404947BF102EB8d1d0747f5","137.130924460914737152","","","Verified balance; price unavailable"
"arguswallet","Arc","ARGUS","0xeCe5cA8bf9220718E5727754026757512212cb3c","10125227.724988265288113126","171719.4579669647","2026-09-21T14:24:32.000Z","Verified balance; spot estimate"
"arguswallet","Arc","ARGUS","0x309b64f7A89aABf5b2B0a1098D350b98d3550c00","100","","","Verified balance; price unavailable"
"arguswallet","Arc","ARGUS","0xffbbFcd7a30062ff382b71058d02c4e98D47604E","100","","","Verified balance; price unavailable"
"arguswallet","Arc","ARGUS","0xFe889b8a6ccC3C3Ec453dea91d72A064C0bf2540","25","","","Verified balance; price unavailable"
"arguswallet","Arc","ARGUSLNCH","0x27e6e0F5253C3d018dE84eF141963524ca70a950","7174.648499944877732332","0.017802686011934098","2026-09-21T14:17:57.000Z","Verified balance; spot estimate"
"arguswallet","Arc","ARIUS","0x7fFFB5C415df6270D618162BaB2fDBBDe629cF25","7174.648499944878018436","0.0178026860119341","2026-09-21T14:17:58.000Z","Verified balance; spot estimate"
"arguswallet","Arc","ARPE","0x2b5b0ffcD0BFb92ba34e4d10d6360A0364CFE9F2","10000","","","Verified balance; price unavailable"
"arguswallet","Arc","ARTBLOCKS","0x6d16B928F7729AA45C3E9A3fB429008EB342D06b","7174.648499944878018436","0.0178026860119341","2026-09-21T14:17:59.000Z","Verified balance; spot estimate"
"arguswallet","Arc","ASTOCK","0x531D42cB90f4dFbAc8d94017eA864A7F9bb29cD4","155.530500487041155072","","","Verified balance; price unavailable"
"arguswallet","Arc","ASTRA","0x4ECADC28c4b6a091A9306bDAF24dDa26635cE4B7","7174.648499944878018436","0.0178026860119341","2026-09-21T14:17:59.000Z","Verified balance; spot estimate"
"arguswallet","Arc","ATH","0x7859ceD7Cfa978fB160BA2A342CDc855Dc9aFCBf","6701.395064038371914147","0.016628387044733517","2026-09-21T14:17:59.000Z","Verified balance; spot estimate"
"arguswallet","Arc","ATOMREG","0x9239a0bb49e4AEc0BDbC0056ebBFB01Bd6674eFb","7174.648499944878018436","0.0178026860119341","2026-09-21T14:18:01.000Z","Verified balance; spot estimate"
"arguswallet","Arc","AVEAI","0x108b1C167a821f464909050744A9202eb7ef6b8D","7189.659877711528175776","0.01823112864723717","2026-09-21T14:18:01.000Z","Verified balance; spot estimate"
"arguswallet","Arc","AWIHBOND","0xfB917AaBD4717Ca702C397e10B67623D3F584Ffd","7174.648499944878018436","0.0178026860119341","2026-09-21T14:18:01.000Z","Verified balance; spot estimate"
"arguswallet","Arc","AXON","0xe3D2102D1B133Bd4a2D2D6868ff2860E6F319433","3587.536831040685813461","0.008900746878929673","2026-09-21T14:18:07.000Z","Verified balance; spot estimate"
"arguswallet","Arc","AZAEL","0x65471aaB5008ECFA6D5f8b2fA1442AB79C4e9101","7174.648499944878018436","0.0178026860119341","2026-09-21T14:18:07.000Z","Verified balance; spot estimate"
"arguswallet","Arc","BABYBAT","0xb6a7f9e7AD75501859a5Fa4B786a4d972F0F3DcC","1","","","Verified balance; price unavailable"
"arguswallet","Arc","BABYHOOD","0xF314dFE72e47E6D1773756248510EC3111D9C2EA","7174.648499944878018436","0.0178026860119341","2026-09-21T14:18:08.000Z","Verified balance; spot estimate"
"arguswallet","Arc","BACKED","0xF4e4b697cFEd57c43972495dA80E3308B16341b6","7189.659877711528462478","0.017839934226252654","2026-09-21T14:18:08.000Z","Verified balance; spot estimate"
"arguswallet","Arc","BACKSTOP","0x829f6b67947c2b36e0C9fCAC29C6d0c24c85BE3d","3587.536831040685813461","0.008900815552983525","2026-09-21T14:18:12.000Z","Verified balance; spot estimate"
"arguswallet","Arc","BACKYARD","0xAE18d1e96aFB184B7b8B85cE237b8236FcA2D206","7189.659877711528462478","0.017839934226252654","2026-09-21T14:18:12.000Z","Verified balance; spot estimate"
"arguswallet","Arc","BANANAGUN","0x6f65Dc900db28c57B09FEe1f7da5d02C3cc64d51","7168.925836217060293427","0.01780104324102867","2026-09-21T14:18:12.000Z","Verified balance; spot estimate"
"arguswallet","Arc","BANDIT","0xBC7f721FaDEc25fd7403Fb661DF836ea0B24074C","3587.536831040685813461","0.008900815552983525","2026-09-21T14:18:12.000Z","Verified balance; spot estimate"
"arguswallet","Arc","BANX","0x7Ad08E049245B2b2fC2eC0B5E50F0F63Dd7f5A6C","7174.648499944878018436","0.0178026860119341","2026-09-21T14:18:17.000Z","Verified balance; spot estimate"
"arguswallet","Arc","BARC","0x2F68D6d3986B30083a3F25DdC8bB28974c4303a4","6701.395064038371646916","0.016628387044733513","2026-09-21T14:18:17.000Z","Verified balance; spot estimate"
"arguswallet","Arc","BASED","0x4c8eA64DBa995D4754b0B003FBe1126B76737Bd0","7174.648499944878018436","0.0178026860119341","2026-09-21T14:18:19.000Z","Verified balance; spot estimate"
"arguswallet","Arc","BASLTION","0xA63797C8D2cC44593DDBE6A7bF98BF8e85b44293","3595.042964703253045094","0.008919438556563162","2026-09-21T14:18:19.000Z","Verified balance; spot estimate"
"arguswallet","Arc","BEAKSTER","0x8adc6e48aDF578cf03b4f79Cea751d30f10166D8","3587.536831040685813461","0.008900738202529183","2026-09-21T14:18:22.000Z","Verified balance; spot estimate"
"arguswallet","Arc","BETARD","0x331C547FFa2C052AE517385cafc827F3aae7B43D","7189.659877711528175776","0.017839934226252647","2026-09-21T14:18:23.000Z","Verified balance; spot estimate"
"arguswallet","Arc","BIGFUD","0x6f45e4E02bC83817C704Acc1FceaF0D9FA0DB5Bf","7189.659877711528462478","0.017839934226252654","2026-09-21T14:18:23.000Z","Verified balance; spot estimate"
"arguswallet","Arc","BIRD","0xc5a7e21D25C340BFA594bB25ada3641A510F0892","7174.648499944878018436","0.0178026860119341","2026-09-21T14:18:23.000Z","Verified balance; spot estimate"
"arguswallet","Arc","BISHOP","0x979Ff5f5E6953388D0fF948ed1371332631D56D8","7189.659877711528462478","0.017839934226252654","2026-09-21T14:18:27.000Z","Verified balance; spot estimate"
"arguswallet","Arc","BITGOU","0xCbe60cf28CA4888810a96dbc0666159116A5E587","7174.648499944878018436","0.0178026860119341","2026-09-21T14:18:27.000Z","Verified balance; spot estimate"
"arguswallet","Arc","BITVALLEY","0x0F8B7CB59C3ED93a73f115fD2BEb0c840bd1778d","3587.536831040685427848","0.008900757070988296","2026-09-21T14:18:30.000Z","Verified balance; spot estimate"
"arguswallet","Arc","BLACKROCK","0xEC2587c1A487E3D2C1B848C1E1e8D117efb8182E","7174.648499944878018436","0.01793061306542151","2026-09-21T14:18:30.000Z","Verified balance; spot estimate"
"arguswallet","Arc","BOA","0x081ECc06aA4b0cF351455109269efff044764E94","297.962744810274684928","","","Verified balance; price unavailable"
"arguswallet","Arc","BOBDAY","0xFB9E02d511A9B2eE27A92D24EB9a6145B85B7CfC","3587.536831040685813461","0.008900815552983525","2026-09-21T14:18:34.000Z","Verified balance; spot estimate"
"arguswallet","Arc","BODKIN","0x542DF1790d1FEFbC59E85fD368F1C09045d57FbC","3587.536831040685813461","0.008900815552983525","2026-09-21T14:18:34.000Z","Verified balance; spot estimate"
"arguswallet","Arc","BORYFI","0x5eF48200524a3118b582707Ae6D8444D89Cdb7b9","3587.536831040685813461","0.008900815552983525","2026-09-21T14:18:34.000Z","Verified balance; spot estimate"
"arguswallet","Arc","BRICKO","0x11f0074CE9dAf7913B3f89796028216fe063BF46","3595.042964703252658674","0.008919438556563162","2026-09-21T14:18:38.000Z","Verified balance; spot estimate"
"arguswallet","Arc","BTCFI","0xce54748ED9a2B176EF597310A2ad1b7779eE68e5","7189.659877711528462478","0.017840217547932597","2026-09-21T14:18:38.000Z","Verified balance; spot estimate"
"arguswallet","Arc","BUCKSHOT","0xc16Dd52a309d1fB2dCb2B86eB77e2f9A99918099","7174.648499944878018436","0.0178026860119341","2026-09-21T14:18:38.000Z","Verified balance; spot estimate"
"arguswallet","Arc","BUDDIE","0xa6b194c8448Ba67A14D4fFB9ac407379c99d27fA","7174.648499944878018436","0.0178026860119341","2026-09-21T14:18:40.000Z","Verified balance; spot estimate"
"arguswallet","Arc","BULINK","0x19EE724B056028cb3aB66c0167D6d31ADB87BD46","7174.648499944877732332","0.017802686011934098","2026-09-21T14:18:40.000Z","Verified balance; spot estimate"
"arguswallet","Arc","BULLA","0x0Ca17509CaA6D202de888D6Fabcf5FC74Af08E75","7174.648499944877732332","0.017802686011934098","2026-09-21T14:18:43.000Z","Verified balance; spot estimate"
"arguswallet","Arc","BUREAU","0xEB26FEA800d147A1bB69fb8fe45774e2E4589DDB","7189.659877711528462478","0.017839934226252654","2026-09-21T14:18:43.000Z","Verified balance; spot estimate"
"arguswallet","Arc","CACTUS","0xB043040984bF72bD8E38dd2045eCf192BfF81A31","7174.648499944878018436","0.0178026860119341","2026-09-21T14:18:43.000Z","Verified balance; spot estimate"
"arguswallet","Arc","CADUCUS","0x5Fb72347B0Dc26c52d6BC6F09C3AefEd96C66E53","7174.648499944878018436","0.0178026860119341","2026-09-21T14:18:48.000Z","Verified balance; spot estimate"
"arguswallet","Arc","CALLOUT","0x4416162E197848Da2B07B129110fDe5f4b5dC9AB","3587.536831040685813461","0.008900815552983525","2026-09-21T14:18:48.000Z","Verified balance; spot estimate"
"arguswallet","Arc","CAPTAIN","0x679F583fa870A6502569489dDa7A4452e2FF9ae7","7189.659877711528462478","0.017839934226252654","2026-09-21T14:18:48.000Z","Verified balance; spot estimate"
"arguswallet","Arc","CARSON","0x4016398A17EB9c5C8d14e34e3C67e2cB0493d195","7189.659877711528462478","0.017839934226252654","2026-09-21T14:18:50.000Z","Verified balance; spot estimate"
"arguswallet","Arc","CATPOOL","0x76174e6e769CDC2F65Ca542125E0b415A22969aB","7174.648499944878018436","0.0178026860119341","2026-09-21T14:18:50.000Z","Verified balance; spot estimate"
"arguswallet","Arc","CC0","0x958d96E1438772Ccab79a3e4f71732113ab51E3f","7174.648499944878018436","0.0178026860119341","2026-09-21T14:18:53.000Z","Verified balance; spot estimate"
"arguswallet","Arc","Chad","0x55055da684C5461f747c485DdfEc1D8b76C27642","250.85797331484737536","","","Verified balance; price unavailable"
"arguswallet","Arc","CHAINCANVAS","0x0cB6b2024D4c3B29f670D0D71ABE17ddb91B5622","3587.536831040685427848","0.008900722745641347","2026-09-21T14:18:53.000Z","Verified balance; spot estimate"
"arguswallet","Arc","CHAINLETS","0xba0dBdd9d7156Db14AA72c480771588214F08A82","3587.536831040685813461","0.008900742870686753","2026-09-21T14:18:58.000Z","Verified balance; spot estimate"
"arguswallet","Arc","CHAINPALS","0x15C9878242EDA2d5021aC95D7dfC940f832b7a5C","3595.042964703252658674","0.008919346980113468","2026-09-21T14:18:58.000Z","Verified balance; spot estimate"
"arguswallet","Arc","CHAINPEAK","0x5137664bC22d24d0319d9d3d994e594C7BC607Fb","7189.659877711528462478","0.017839934226252654","2026-09-21T14:18:58.000Z","Verified balance; spot estimate"
"arguswallet","Arc","CHECKRH","0xB87A1A3eE23cb66A9DAe114c91EBff5Fb367d7cD","3350.89609083659256357","0.008313615503881587","2026-09-21T14:18:59.000Z","Verified balance; spot estimate"
"arguswallet","Arc","CHEESE","0xD54427C72bf2be526185C3ed9928964ba50F3b2B","7174.648499944878018436","0.017802310073005752","2026-09-21T14:19:00.000Z","Verified balance; spot estimate"
"arguswallet","Arc","CHIPZ","0xD399f6978DF86ad49f88DbD3F1eA17708339082d","3595.042964703253045094","0.008919378021591217","2026-09-21T14:19:00.000Z","Verified balance; spot estimate"
"arguswallet","Arc","CIRBTC","0xd26704D77FBEbE6792099982D91015b3FA83b2e9","7168.925836217060293427","0.01780104324102867","2026-09-21T14:19:03.000Z","Verified balance; spot estimate"
"arguswallet","Arc","CIRBTC","0x86A39d3d959F2fafe436a3c3EddDf5b888C178AA","7168.925836217060293427","0.01792953947331875","2026-09-21T14:19:03.000Z","Verified balance; spot estimate"
"arguswallet","Arc","CIRCLE","0x56d29705545242fF0963bDe1B1c006e47D14cbD6","2","0.000004969566575893406","2026-09-21T14:19:09.000Z","Verified balance; spot estimate"
"arguswallet","Arc","CIRCLE","0xA85CCaAA05EAE5cFF6699bADE3f65ec6A94C0A7c","2","0.000004969274133115025","2026-09-21T14:17:12.000Z","Verified balance; spot estimate"
"arguswallet","Arc","CIRCULAR","0xC3f63944ABaD0Ad7fa0a2589B19a7D866Ac10eEC","7174.648499944878018436","0.0178026860119341","2026-09-21T14:19:09.000Z","Verified balance; spot estimate"
"arguswallet","Arc","CLAN","0x07Dc4d3DD92274a19d0eec48282F6B6691dcEf84","3587.536831040685427848","0.008900815552983525","2026-09-21T14:19:09.000Z","Verified balance; spot estimate"
"arguswallet","Arc","COD","0x8C0007C6f589a21f945DD1Cf5E7C5cfD789d9D70","3587.536831040685813461","0.008900815552983525","2026-09-21T14:19:10.000Z","Verified balance; spot estimate"
"arguswallet","Arc","COLA","0x77644f87Ff1579b213a9B01011488718CF9A4e9f","7189.659877711528462478","0.017839934226252654","2026-09-21T14:19:11.000Z","Verified balance; spot estimate"
"arguswallet","Arc","COMETPORT","0x22059504cc02D8DfDfffBc568fd7877cf5038E38","3586.450527846305787167","0.008898066111001707","2026-09-21T14:19:11.000Z","Verified balance; spot estimate"
"arguswallet","Arc","CORN","0xb9A8d7D5cbd3d96408c50B071BfCd783153Ec1d8","3595.042964703253045094","0.009048150788625461","2026-09-21T14:19:14.000Z","Verified balance; spot estimate"
"arguswallet","Arc","CORPDOGE","0x780b4115895992bfF074B94B0069dEa9f0d67b09","7174.648499944878018436","0.0178026860119341","2026-09-21T14:19:14.000Z","Verified balance; spot estimate"
"arguswallet","Arc","COVERCAT","0x28FC78041519E2Dd5BE3a8a33E81C41D13F1cBE7","7174.648499944877732332","0.017808148338013443","2026-09-21T14:19:19.000Z","Verified balance; spot estimate"
"arguswallet","Arc","CRCL","0xfCC0422F47ea6381fbe12ac8F0C1535558C4A835","150","","","Verified balance; price unavailable"
"arguswallet","Arc","CRYPTONEWS","0x6F3c28B02bE10d629B6eDc91Cfd05b1840DbC350","7174.648499944878018436","0.0178026860119341","2026-09-21T14:19:19.000Z","Verified balance; spot estimate"
"arguswallet","Arc","CRYPTOPROS","0x0652A18674e278cf0f2866a20947CC44b7f04C03","7174.648499944877732332","0.017802686011934098","2026-09-21T14:19:19.000Z","Verified balance; spot estimate"
"arguswallet","Arc","CUSHY","0x58cD88CCaC72641E940BdDa855Fc2240261Cf37c","3587.536831040685813461","0.008900815552983525","2026-09-21T14:19:21.000Z","Verified balance; spot estimate"
"arguswallet","Arc","CUSHY","0x328939e14a2aeA2fA318D96d1D0AD5Afa7e93c5f","3587.536831040685427848","0.008900815552983525","2026-09-21T14:19:22.000Z","Verified balance; spot estimate"
"arguswallet","Arc","CYBERSTRIPEVANGU","0x03d18D58F85Dcb5cc2eC4541BE123bF5ce42139e","3587.536831040685427848","0.008900815552983525","2026-09-21T14:19:22.000Z","Verified balance; spot estimate"
"arguswallet","Arc","CYCLO","0x6d55efa3A1F95C4169889370Cc9dCeC1e139Be9E","7174.648499944878018436","0.0178026860119341","2026-09-21T14:19:25.000Z","Verified balance; spot estimate"
"arguswallet","Arc","DAVID","0x9061E1C5E21a8F569a617157e2A6c01361F554E3","7189.659877711528462478","0.017839934226252654","2026-09-21T14:19:25.000Z","Verified balance; spot estimate"
"arguswallet","Arc","DEFISUSHI","0x11f4227dDD5Ba714f734cF4A958fb3cCE0c6e911","7189.659877711528175776","0.017839934226252647","2026-09-21T14:19:29.000Z","Verified balance; spot estimate"
"arguswallet","Arc","DEVID","0x4fC8511aB2CAeCc5a3390624BB1e28c332d363C8","7189.659877711528462478","0.017839934226252654","2026-09-21T14:19:29.000Z","Verified balance; spot estimate"
"arguswallet","Arc","DEVVING","0x0557108E567932781df6CE58A5EBF417c1068653","3587.536831040685427848","0.008900815552983525","2026-09-21T14:19:29.000Z","Verified balance; spot estimate"
"arguswallet","Arc","DIGIPAD","0xd73dfd8bCCc3FD9519835fC1986978b04FDd85f7","3595.042964703253045094","0.008919438556563162","2026-09-21T14:19:32.000Z","Verified balance; spot estimate"
"arguswallet","Arc","DIVAS","0x5264245C407f1cFa43ad4063581Db1b6b90a0dE0","3587.536831040685813461","0.008900815552983525","2026-09-21T14:19:32.000Z","Verified balance; spot estimate"
"arguswallet","Arc","DOG","0xEfAd2E97063C49fDB052B9f47b542fFB4077966a","7174.648499944878018436","0.017802968742063285","2026-09-21T14:19:32.000Z","Verified balance; spot estimate"
"arguswallet","Arc","DOGE1","0xb386183F3d144481b15407539eA93D5BbBE95e54","3587.536831040685813461","0.008900815552983525","2026-09-21T14:19:36.000Z","Verified balance; spot estimate"
"arguswallet","Arc","DOGEHEAD","0x236c71daEf37E747a2db578bBF3aF01C1C2C0fDB","7174.648499944877732332","0.017802686011934098","2026-09-21T14:19:36.000Z","Verified balance; spot estimate"
"arguswallet","Arc","DRONES","0xc4b461cdEf57d812888F56429CcBE3106D3c4729","6696.049878074342628439","0.016627116597309415","2026-09-21T14:19:39.000Z","Verified balance; spot estimate"
"arguswallet","Arc","DTXBOOTY","0x9AB433a8b3459FB7D28027246e94EBE307C18f24","3595.042964703253045094","0.008919438556563162","2026-09-21T14:19:39.000Z","Verified balance; spot estimate"
"arguswallet","Arc","DYETRACE","0xc6268e4E9D9771c5EDEac2b4B724772E2E847c80","7174.648499944878018436","0.0178026860119341","2026-09-21T14:19:39.000Z","Verified balance; spot estimate"
"arguswallet","Arc","EJAZ","0x34520cFb18de7d7B426E94cd8243be665FaE467E","6701.395064038371646916","0.016628387044733513","2026-09-21T14:19:43.000Z","Verified balance; spot estimate"
"arguswallet","Arc","ENTERHIVE","0x1994F5d3E3f7211Fa1C1bf0eD9b611b9c4eBFa4B","3595.042964703252658674","0.008919438556563162","2026-09-21T14:19:43.000Z","Verified balance; spot estimate"
"arguswallet","Arc","EQUIHASH","0xD52500f2e5E821c427CC1A9B65B05Fc770b5d7Cf","3586.450527846306172626","0.0088980657525007","2026-09-21T14:19:43.000Z","Verified balance; spot estimate"
"arguswallet","Arc","EYE","0x1A816FB46e7C3299ebE0AE964aC2E8e57e097012","281.156949937289723904","","","Verified balance; price unavailable"
"arguswallet","Arc","EYES","0xB764765d461275837DCCDE18Cd650291bD1BCdac","7168.925836217060293427","0.01780104324102867","2026-09-21T14:19:47.000Z","Verified balance; spot estimate"
"arguswallet","Arc","FASTBRIDGE","0x503F9B96D9E2E5DECB0BBC94f0C09e2EB9C56526","7174.648499944878018436","0.0178026860119341","2026-09-21T14:19:49.000Z","Verified balance; spot estimate"
"arguswallet","Arc","FAULT","0x4583c8713CcC1d78E7e44a7F90a28d11cf84399a","3350.89609083659256357","0.008313653271970475","2026-09-21T14:19:49.000Z","Verified balance; spot estimate"
"arguswallet","Arc","FEEDRIP","0xBc87461c35EBe11425ec9c20645b444E59a87660","3594.756052875999025906","0.008918797178752874","2026-09-21T14:19:49.000Z","Verified balance; spot estimate"
"arguswallet","Arc","FEEZY","0x2717e66536dcE3A9870b397806f454a77eBCb09e","3595.042964703252658674","0.008919438556563162","2026-09-21T14:19:52.000Z","Verified balance; spot estimate"
"arguswallet","Arc","FINNPUTER","0xC5EdF661B26FADd977e6F64E508131e0843958c3","7189.659877711528462478","0.017839934226252654","2026-09-21T14:19:52.000Z","Verified balance; spot estimate"
"arguswallet","Arc","FLAP","0x9fBaC29c0b31F30C6E8297Ac987B3FD2c8b49405","7189.659877711528462478","0.017839934226252654","2026-09-21T14:19:52.000Z","Verified balance; spot estimate"
"arguswallet","Arc","FLYBIRD","0xD5a6C79a0Ab3C9A05E5DCAC416d3B611D9108B0b","3595.042964703253045094","0.008919438556563162","2026-09-21T14:19:52.000Z","Verified balance; spot estimate"
"arguswallet","Arc","FRAI","0xb62Df8854877414C7C91c4a32743C9BF66495F78","3595.042964703253045094","0.008919438556563162","2026-09-21T14:19:56.000Z","Verified balance; spot estimate"
"arguswallet","Arc","FUN","0xd90912D1F3902Da6dAD3956d0EE4Ab9DD50c52c7","3350.89609083659256357","0.008313700861183378","2026-09-21T14:19:59.000Z","Verified balance; spot estimate"
"arguswallet","Arc","GALX","0x046464C443498fF9d9290572377fe7Cbea13ec6B","7189.659877711528175776","0.017839934226252647","2026-09-21T14:19:59.000Z","Verified balance; spot estimate"
"arguswallet","Arc","GIGS","0xF723904556e8037b377814574fA13FCDb47fd2eE","7174.648499944878018436","0.0178026860119341","2026-09-21T14:19:59.000Z","Verified balance; spot estimate"
"arguswallet","Arc","GIMX","0x3DFaD1e560162DD8FB01A51d85E04aC52d368fda","1","","","Verified balance; price unavailable"
"arguswallet","Arc","GIZMO","0xD4020b7136Dd225Cb2C0bdC2E0348C41e264Eb98","77262.362430886484230782","0.1920745952994322","2026-09-21T14:20:02.000Z","Verified balance; spot estimate"
"arguswallet","Arc","GMTRENCHOR","0xD45008fE4A900a9FAEae47802B42C9aD4dDCF4e6","3587.536831040685813461","0.008900815552983525","2026-09-21T14:20:02.000Z","Verified balance; spot estimate"
"arguswallet","Arc","GOAT","0xB7e0C5Da6d59636a1A30741306Ef9efC994C76f1","7189.659877711528462478","0.017839934226252654","2026-09-21T14:20:02.000Z","Verified balance; spot estimate"
"arguswallet","Arc","GOCHAM","0x9640Dc10228b5Dd73Be380B8D11247c066FBf9e1","7189.659877711528462478","0.017839934790615762","2026-09-21T14:20:05.000Z","Verified balance; spot estimate"
"arguswallet","Arc","GRAMMA","0xbB793aEb6b5182a99fBbdB804510E40d0B88b2c8","3587.536831040685813461","0.008900815552983525","2026-09-21T14:20:05.000Z","Verified balance; spot estimate"
"arguswallet","Arc","GRAVITY","0xc91cAB86C44Cfbae05ba9fe09D26056c23459B91","3584.675244888218053345","0.008900081354029003","2026-09-21T14:20:08.000Z","Verified balance; spot estimate"
"arguswallet","Arc","GRENDIZER","0xD941366C96C713C2a4Cc84045c5bF14D3E078f36","7174.648499944878018436","0.0178026860119341","2026-09-21T14:20:08.000Z","Verified balance; spot estimate"
"arguswallet","Arc","GROVAULT","0x78d3648cB9338d27048d5AcdF086822F315e21eC","7174.648499944878018436","0.017802307660827667","2026-09-21T14:20:08.000Z","Verified balance; spot estimate"
"arguswallet","Arc","GTAVIN","0x586d659856C9c9a0e8cFc6b8B0623Df71f7f227c","6701.395064038371914147","0.016628387044733517","2026-09-21T14:20:11.000Z","Verified balance; spot estimate"
"arguswallet","Arc","HACKALAUNCH","0x41218ECd12Fd2d45633566Dfd660f1757ffe38dc","3594.756052875999025906","0.008918797178752874","2026-09-21T14:20:11.000Z","Verified balance; spot estimate"
"arguswallet","Arc","HARNEST","0xF21253c27b49Ad3BC912cF7FAB8bCEed3FB94502","7174.648499944878018436","0.0178026860119341","2026-09-21T14:20:11.000Z","Verified balance; spot estimate"
"arguswallet","Arc","HEDGEALPHA","0xc476bCa9534cDB1121a1ac408b9c5fA0F5d24215","7174.648499944878018436","0.0178026860119341","2026-09-21T14:20:14.000Z","Verified balance; spot estimate"
"arguswallet","Arc","HEIR","0xc725330c5Ecfaf176f1d68cCa2B6f17274F2c797","3587.536831040685813461","0.008900815552983525","2026-09-21T14:20:14.000Z","Verified balance; spot estimate"
"arguswallet","Arc","HEIRLOOM","0x269084Cb1A0E98F6fc99Abe9e53660831e8897D6","3595.042964703252658674","0.008919379570805625","2026-09-21T14:20:18.000Z","Verified balance; spot estimate"
"arguswallet","Arc","HEIRLOOM","0x97245AC1593732dD987be41910Dc2F7e01AAdA9C","3587.536831040685813461","0.008900815552983525","2026-09-21T14:20:18.000Z","Verified balance; spot estimate"
"arguswallet","Arc","HELIOSAI","0x750269a242Bf955b6799aD2F1fEd68128F58eeaF","7174.648499944878018436","0.0178026860119341","2026-09-21T14:20:20.000Z","Verified balance; spot estimate"
"arguswallet","Arc","HEXAPAD","0x94f528Bb29018C73fD10b6dF3Cb4a9B7876bAC02","7174.648499944878018436","0.0178026860119341","2026-09-21T14:20:22.000Z","Verified balance; spot estimate"
"arguswallet","Arc","HGPT","0xfE686875377f789D52292Ce19Cc7F76B863Bd0b4","7174.648499944878018436","0.0178026860119341","2026-09-21T14:20:22.000Z","Verified balance; spot estimate"
"arguswallet","Arc","HILOOP","0xD477c3b925D49eAf75365fDa79eD110D1FB31c78","3587.536831040685813461","0.008900815552983525","2026-09-21T14:20:22.000Z","Verified balance; spot estimate"
"arguswallet","Arc","HILOOP","0xD9Bb59C68Aee169f3130B524332d48ff7803243d","3587.536831040685813461","0.008900815552983525","2026-09-21T14:20:24.000Z","Verified balance; spot estimate"
"arguswallet","Arc","HODL","0xccb59D0eaD77b313eeadFA7707af595FBaB274CA","3584.675244888218053345","0.00890008841013038","2026-09-21T14:20:24.000Z","Verified balance; spot estimate"
"arguswallet","Arc","HOLOPACK","0x2497009284923a6123E83C0DB6068fA5C10A2017","3595.042964703252658674","0.008919438556563162","2026-09-21T14:20:28.000Z","Verified balance; spot estimate"
"arguswallet","Arc","HOLOPAD","0xcB1162269fb88471E68dfAcBba8CF9Ff277008f8","3587.536831040685813461","0.008900722745641349","2026-09-21T14:20:28.000Z","Verified balance; spot estimate"
"arguswallet","Arc","HOOD","0xF6D3c1edB9717f08f5eA7a0d3e0D17B8c15fc986","3587.536831040685813461","0.00890076354294961","2026-09-21T14:20:30.000Z","Verified balance; spot estimate"
"arguswallet","Arc","HOODDUNES","0x9A04307745A615Aa4198A5827490D1abB86f788C","3587.536831040685813461","0.008900815552983525","2026-09-21T14:20:31.000Z","Verified balance; spot estimate"
"arguswallet","Arc","HOODRELIC","0xA4d96EBc555032152f5834122ddC64cC0930a981","7189.659877711528462478","0.017839934226252654","2026-09-21T14:20:31.000Z","Verified balance; spot estimate"
"arguswallet","Arc","HOODVEIL","0x3Cf7b804D6E2798d4Ef5baeE4F7AB3E46209C973","3350.89609083659256357","0.008331313672419955","2026-09-21T14:20:31.000Z","Verified balance; spot estimate"
"arguswallet","Arc","HUGO","0x2af61E1B822bd2BdBC36317fC10423AbE1Ce1C86","7174.648499944877732332","0.017802686011934098","2026-09-21T14:20:34.000Z","Verified balance; spot estimate"
"arguswallet","Arc","HYPERANK","0x95A22120FA97653F1C7d1C5d4bb22773e6A0201c","7174.648499944878018436","0.0178026860119341","2026-09-21T14:20:34.000Z","Verified balance; spot estimate"
"arguswallet","Arc","HYPERBULL","0xcABb91216e34f170844A081dc3466d2732AefFBA","7174.648499944878018436","0.0178026860119341","2026-09-21T14:20:38.000Z","Verified balance; spot estimate"
"arguswallet","Arc","HYPERDEX","0x37F4fC8c48336C9BfAb0fF5E41B032C48eB5B3bc","7189.659877711528462478","0.01783955793082272","2026-09-21T14:20:38.000Z","Verified balance; spot estimate"
"arguswallet","Arc","INFUSION","0x7994766Cd3b748Ce32E4Bd11b1686b03f9646b7C","3587.536831040685813461","0.008900815552983525","2026-09-21T14:20:40.000Z","Verified balance; spot estimate"
"arguswallet","Arc","INSIGHTX","0xa843B2402A5a020Fa00a326887f0021459D7ed52","7189.659877711528462478","0.017839934226252654","2026-09-21T14:20:42.000Z","Verified balance; spot estimate"
"arguswallet","Arc","INVERSEDGE","0x1e944B0F90FaF8562B13B7Ef9721359dAc8c5C80","3595.042964703252658674","0.008919438556563162","2026-09-21T14:20:42.000Z","Verified balance; spot estimate"
"arguswallet","Arc","IPOPAD","0x28460ACE93bB49f179e5D041F92794D1646604a8","3587.536831040685427848","0.00890078825511318","2026-09-21T14:20:42.000Z","Verified balance; spot estimate"
"arguswallet","Arc","IRON","0xD2f0F2C129D2240017D7DD94971Bb1e87bdF2f52","3587.536831040685813461","0.008900815552983525","2026-09-21T14:20:44.000Z","Verified balance; spot estimate"
"arguswallet","Arc","IRONWOOD","0x551aD3E7B16BCf27361249cDD8C8B079bC0D05f3","3587.536831040685813461","0.008900815552983525","2026-09-21T14:20:44.000Z","Verified balance; spot estimate"
"arguswallet","Arc","ISLETLORE","0xf31E4d717dEaA5449b3b2524ee6C7823B09852cd","3594.182332251774864798","0.008917234265923215","2026-09-21T14:20:48.000Z","Verified balance; spot estimate"
"arguswallet","Arc","JACKPAD","0x6BB44F13217b902De77b730aC42162959ed7D44B","3587.536831040685813461","0.00890073562949014","2026-09-21T14:20:48.000Z","Verified balance; spot estimate"
"arguswallet","Arc","JAWID","0x97458E179Ada5603fb64F721257d78987a048C66","7189.659877711528462478","0.017839567708563812","2026-09-21T14:20:51.000Z","Verified balance; spot estimate"
"arguswallet","Arc","JAYGOLDEN","0x829e2AFD6D0307De583ABEdfb82D1538620deDcA","3587.536831040685813461","0.008900815552983525","2026-09-21T14:20:53.000Z","Verified balance; spot estimate"
"arguswallet","Arc","JDMLABS","0xe203FBe1DcD1193E7fEAc2B1597Ac8c7951BaeeB","3587.536831040685813461","0.009223252040780925","2026-09-21T14:20:53.000Z","Verified balance; spot estimate"
"arguswallet","Arc","JERMY","0x3fa9336A2c71a3db8d3C629516b9561CedDA858f","4200.69","0.015804044992010075","2026-09-21T14:20:53.000Z","Verified balance; spot estimate"
"arguswallet","Arc","JEVNEWS","0x448fb76346aE4cE1F9488309200aFFf94cfd5e28","3587.536831040685813461","0.008900723102760928","2026-09-21T14:20:55.000Z","Verified balance; spot estimate"
"arguswallet","Arc","JEVOMO","0xC9Bb380872b59110617cd60ad5D1060AB65233f1","3587.536831040685813461","0.008900815552983525","2026-09-21T14:20:55.000Z","Verified balance; spot estimate"
"arguswallet","Arc","JINXAT","0x6d71654D75A9C31476d806392fFf50c336756846","3350.89609083659256357","0.008313700861183378","2026-09-21T14:20:59.000Z","Verified balance; spot estimate"
"arguswallet","Arc","JUMP","0x918C6E8d61c5D8c9A4A1AC15139FFa26Ca0C31c0","7174.648499944878018436","0.0178026860119341","2026-09-21T14:20:59.000Z","Verified balance; spot estimate"
"arguswallet","Arc","JUSTAWAY","0xEf4f73F9103D4E232B7de6C9DEb9e5066F14A775","3595.042964703253045094","0.008919438556563162","2026-09-21T14:21:01.000Z","Verified balance; spot estimate"
"arguswallet","Arc","KAJLABS","0x320094b733a0ECe88D383f9B457DEfdEeB9460b7","7189.659877711528175776","0.017839934226252647","2026-09-21T14:21:04.000Z","Verified balance; spot estimate"
"arguswallet","Arc","KAMIJOU","0x35C23Fd91203dEDe47290Bf77e7FC201b5625808","3595.042964703252658674","0.008919438556563162","2026-09-21T14:21:04.000Z","Verified balance; spot estimate"
"arguswallet","Arc","KEPT","0x5F7A557aB9d50175d389345AA3a4022E61c78844","3587.536831040685813461","0.008900742870686753","2026-09-21T14:21:04.000Z","Verified balance; spot estimate"
"arguswallet","Arc","KINGY","0x00954d6Fe2E49c5f694571cadc4C894584FAcDAB","7174.648499944877732332","0.017802686011934098","2026-09-21T14:21:05.000Z","Verified balance; spot estimate"
"arguswallet","Arc","KITE","0xa2fA36500ec84B6A7F881201c0826C2D514E57bf","6701.395064038371914147","0.016628387044733517","2026-09-21T14:21:05.000Z","Verified balance; spot estimate"
"arguswallet","Arc","KLEROS","0x9b1496075F17819E4C3dEe13Db1d8bf4a005a775","7174.648499944878018436","0.0178026860119341","2026-09-21T14:21:10.000Z","Verified balance; spot estimate"
"arguswallet","Arc","KOBOS","0xdA017204A6039d4cD30768739063609C9Ae1264C","3595.042964703253045094","0.008919438556563162","2026-09-21T14:21:10.000Z","Verified balance; spot estimate"
"arguswallet","Arc","KWELI","0x7a32075874Bb89819d33085aaE5736DBFc1e71A2","7189.659877711528462478","0.01785239788327756","2026-09-21T14:21:12.000Z","Verified balance; spot estimate"
"arguswallet","Arc","LADDER","0xEd040475D058C751ac389EEcC8a6194ce8BdBBee","3587.536831040685813461","0.008900815552983525","2026-09-21T14:21:14.000Z","Verified balance; spot estimate"
"arguswallet","Arc","LADDER","0x5f9B173861dFCD1FB7c3DAE5840c6A764169db24","3586.677995514106323871","0.00889861586470865","2026-09-21T14:21:14.000Z","Verified balance; spot estimate"
"arguswallet","Arc","LAMBO","0xda0ED8fF32804636baBa677E492Df4aB3795b554","3595.042964703253045094","0.008919438556563162","2026-09-21T14:21:14.000Z","Verified balance; spot estimate"
"arguswallet","Arc","LASZLO","0x53AE0344ebD5650050E33dc527E33372Cd5C4a1D","3587.536831040685813461","0.008900815552983525","2026-09-21T14:21:16.000Z","Verified balance; spot estimate"
"arguswallet","Arc","LAUNCHFORGEX","0xb26D0E6A3FEc0346Ec78A5CE5ab0D54b9C2B8Ce8","7174.648499944878018436","0.0178026860119341","2026-09-21T14:21:16.000Z","Verified balance; spot estimate"
"arguswallet","Arc","LAZYBULL","0x68c87496a6aFf9303FEeb0a951A5056b0dea39b2","7189.659877711528462478","0.017839934226252654","2026-09-21T14:21:23.000Z","Verified balance; spot estimate"
"arguswallet","Arc","LEAGUEPAD","0x4B190927f5ddF00adad6BA433AfC3c7bb3FD4530","7174.648499944878018436","0.01780234106512356","2026-09-21T14:21:23.000Z","Verified balance; spot estimate"
"arguswallet","Arc","LISTED","0x081f5227f119D1C2838B127e532Bd07176F27Bb4","7174.648499944877732332","0.01780234106512356","2026-09-21T14:21:23.000Z","Verified balance; spot estimate"
"arguswallet","Arc","LIVE","0x1C8b4289793F520FDf6378e3ad56373d16B585A6","3591.315788311899693206","0.008916581595262806","2026-09-21T14:21:26.000Z","Verified balance; spot estimate"
"arguswallet","Arc","LLACHAT","0x7CE3963e40F3B251aa10293f3142fDf64B2B13b2","7174.648499944878018436","0.0178026860119341","2026-09-21T14:21:26.000Z","Verified balance; spot estimate"
"arguswallet","Arc","LOGO","0x37F46D0dDc7000d8d2C02f314D1CA2b1AD68113E","3587.536831040685813461","0.008900722745641349","2026-09-21T14:21:26.000Z","Verified balance; spot estimate"
"arguswallet","Arc","LOLPAD","0x1C083aD358bd9a87fF5bA37020E3e879D06470c3","7174.648499944877732332","0.017802365845794105","2026-09-21T14:21:27.000Z","Verified balance; spot estimate"
"arguswallet","Arc","LOTUS","0x0c24Af8f87121AfE4FC07E77c94736E2cAA15eb0","3595.042964703252658674","0.008919438556563162","2026-09-21T14:21:27.000Z","Verified balance; spot estimate"
"arguswallet","Arc","LPKING","0xdd7a6aF10DD02606A1c05E62017B5768dCEa65a3","7189.659877711528462478","0.017839934226252654","2026-09-21T14:21:32.000Z","Verified balance; spot estimate"
"arguswallet","Arc","LUNARMINT","0x15Eb8bCE4EA920C0f662ffA7417A30e7a2f537f9","3350.896090836592203393","0.008325583409736671","2026-09-21T14:21:32.000Z","Verified balance; spot estimate"
"arguswallet","Arc","LUNE","0x01015b142CEfc5476Dea4cAa8A369f4A989B39b0","7174.648499944877732332","0.017802686011934098","2026-09-21T14:21:34.000Z","Verified balance; spot estimate"
"arguswallet","Arc","M3M3","0x3F79Deeb2c764A28F5980Bd4a718692B6405Dc68","7174.648499944878018436","0.0178026860119341","2026-09-21T14:21:36.000Z","Verified balance; spot estimate"
"arguswallet","Arc","MAGA","0x9463a4df95390Cf5368d102c3145ED02A2a37836","3595.042964703253045094","0.008919438556563162","2026-09-21T14:21:36.000Z","Verified balance; spot estimate"
"arguswallet","Arc","MAGA","0x1FAD10a3558F24f5Fa2493ce802606AF2d257E43","3595.042964703252658674","0.008919438556563162","2026-09-21T14:21:36.000Z","Verified balance; spot estimate"
"arguswallet","Arc","MALA","0x5f66C44a1BA6394db4845A8DB9E5a751694D3f1e","7189.659877711528462478","0.017839934226252654","2026-09-21T14:21:37.000Z","Verified balance; spot estimate"
"arguswallet","Arc","MAMBA","0x5562d7921E7a24c0e6EC810B62673904C5fA7CE5","7174.648499944878018436","0.017802334155457976","2026-09-21T14:21:37.000Z","Verified balance; spot estimate"
"arguswallet","Arc","MASA","0x3589574b81e507cd9f19Dbc9fD43f580f497E112","7174.648499944877732332","0.017802686011934098","2026-09-21T14:21:43.000Z","Verified balance; spot estimate"
"arguswallet","Arc","MAXUS","0x4De1dF1c2b46c6Cb2b1446750a662aaaB01A9c4e","3587.536831040685813461","0.008900815552983525","2026-09-21T14:21:43.000Z","Verified balance; spot estimate"
"arguswallet","Arc","MEMEGHOST","0x34ee31006344448c56A1F8d84E8Dd22C4DaCA953","3587.536831040685427848","0.008900757070988296","2026-09-21T14:21:43.000Z","Verified balance; spot estimate"
"arguswallet","Arc","MEMHIVE","0x28D92F737588825Bb96ae4da394BD177B7eE5Edf","7189.659877711528175776","0.017839934226252647","2026-09-21T14:21:46.000Z","Verified balance; spot estimate"
"arguswallet","Arc","METADOGGY","0x2c28Ec2591BEE6616a5C4e3F172Cd943E5b4096A","7174.648499944877732332","0.017802686011934098","2026-09-21T14:21:46.000Z","Verified balance; spot estimate"
"arguswallet","Arc","METAFREND","0x99F567fC4E6B9e01A4799c4818449fBC9688572D","7174.648499944878018436","0.0178026860119341","2026-09-21T14:21:46.000Z","Verified balance; spot estimate"
"arguswallet","Arc","MINTRR","0x37A20b64D57468b2b5f86ECc35a60276BD3fB7F1","3587.536831040685813461","0.008900815552983525","2026-09-21T14:21:47.000Z","Verified balance; spot estimate"
"arguswallet","Arc","MIRROR","0xafC3e13AEaCa6Ae0f527A8cA07a16817d148ca34","6701.395064038371914147","0.016628387044733517","2026-09-21T14:21:47.000Z","Verified balance; spot estimate"
"arguswallet","Arc","MISPRICED","0xF3F3Ee9060A6e0c08d5D6Ef0F95Dab422f5d5ab2","3595.042964703253045094","0.008919379570805625","2026-09-21T14:21:53.000Z","Verified balance; spot estimate"
"arguswallet","Arc","MONARC","0x832d5e9d71EeaC94524e4E8ef5F18910cDc7ffda","6701.395064038371914147","0.016628387044733517","2026-09-21T14:21:53.000Z","Verified balance; spot estimate"
"arguswallet","Arc","MOSSBYTE","0xcfB3993AAfBa1AB7376A9ddfbB4eE5B13D250718","3595.042964703253045094","0.008919438556563162","2026-09-21T14:21:53.000Z","Verified balance; spot estimate"
"arguswallet","Arc","MOTION","0xfe80a3917f4a83409BDDFC5B1E97Bad0A3b17Dd9","7174.648499944878018436","0.0178026860119341","2026-09-21T14:21:55.000Z","Verified balance; spot estimate"
"arguswallet","Arc","MOTION","0x25bb20b872cD90Da7af39dd616Ec5F1fBd9eD307","3587.536831040685427848","0.008900815552983525","2026-09-21T14:21:55.000Z","Verified balance; spot estimate"
"arguswallet","Arc","MUSEHUB","0xa38E6C441D428b31107430Cd358C110253940594","3587.536831040685813461","0.008900815552983525","2026-09-21T14:21:55.000Z","Verified balance; spot estimate"
"arguswallet","Arc","MYOMYO","0xC906a2D9BAD46E2dB00958A076620cAb2e472FDe","7174.648499944878018436","0.01780242848964775","2026-09-21T14:21:57.000Z","Verified balance; spot estimate"
"arguswallet","Arc","MYWALLET","0xe4964dc219131AfF4945d3a4b2a5E3222fb6C661","7174.648499944878018436","0.0178026860119341","2026-09-21T14:21:57.000Z","Verified balance; spot estimate"
"arguswallet","Arc","NANOROUTER","0x5A5AEf9D839500b967ae641C6923022910aDC610","6701.395064038371914147","0.016628387044733517","2026-09-21T14:22:03.000Z","Verified balance; spot estimate"
"arguswallet","Arc","NATHANAEL","0xd8C10f158F18C6af0C07A431FB590A6F302d5033","3587.536831040685813461","0.008900815552983525","2026-09-21T14:22:03.000Z","Verified balance; spot estimate"
"arguswallet","Arc","NEONSATOSHI","0x89e17197C39d182A59AcE7c36Bb62F8Eb5410C3b","7189.659877711528462478","0.017840359202425615","2026-09-21T14:22:03.000Z","Verified balance; spot estimate"
"arguswallet","Arc","NEUMA","0xcDb9640B9D9c8FC6f6276CA2bD65cDf1450BC6eB","3587.536831040685813461","0.008900724167737408","2026-09-21T14:22:05.000Z","Verified balance; spot estimate"
"arguswallet","Arc","NFTART","0x68ab4BF2adeCFcf0d16b674858c7fDbaAf9C6911","7174.648499944878018436","0.0178026860119341","2026-09-21T14:22:05.000Z","Verified balance; spot estimate"
"arguswallet","Arc","NFTORO","0x6327D7D96d363A95424C1596959a15C0c2580096","3587.536831040685813461","0.008900724876555528","2026-09-21T14:22:05.000Z","Verified balance; spot estimate"
"arguswallet","Arc","NFTSPAY","0x9D5A3F3B2dd9F6Fbb00D47206c0D23101b82313b","7174.648499944878018436","0.0178026860119341","2026-09-21T14:22:06.000Z","Verified balance; spot estimate"
"arguswallet","Arc","NIKOLA","0xE9D2C56Aca1b34F1862bc1E63860546961312e19","7189.659877711528462478","0.017839934226252654","2026-09-21T14:22:06.000Z","Verified balance; spot estimate"
"arguswallet","Arc","NINTENDODEGEN","0x36f5F1D32682453d3Ee3aD3205790ac7Cf627413","7189.659877711528462478","0.017839934226252654","2026-09-21T14:22:12.000Z","Verified balance; spot estimate"
"arguswallet","Arc","NOA","0x6E757912960a61E4414a431eEfD51F2B78Ad35FA","7174.648499944878018436","0.0178026860119341","2026-09-21T14:22:12.000Z","Verified balance; spot estimate"
"arguswallet","Arc","NODRA","0x707030A42F7F5763d5E3a854a4E1fb3cFeAd168f","7174.648499944878018436","0.017802494628747063","2026-09-21T14:22:12.000Z","Verified balance; spot estimate"
"arguswallet","Arc","NONEYA","0x50AB2ee6a98a161256dBCD2248466cCe647F6027","7174.648499944878018436","0.0178026860119341","2026-09-21T14:22:14.000Z","Verified balance; spot estimate"
"arguswallet","Arc","NORACISM","0x75d16b3a5Cf0cc575bd76B1D3208029600a460e3","3587.536831040685813461","0.008900815552983525","2026-09-21T14:22:14.000Z","Verified balance; spot estimate"
"arguswallet","Arc","NVDA","0xc99CaAe756ad7425BE34372EfcF5cb7dA2E32475","10","","","Verified balance; price unavailable"
"arguswallet","Arc","OFFRA","0x00303019A4a8E470Ee29C5566202314121Cc5f19","3587.536831040685427848","0.008900815552983525","2026-09-21T14:22:16.000Z","Verified balance; spot estimate"
"arguswallet","Arc","OMNIFIED","0x293D4992F6040C8f5fEE8f22815407a4918E3a29","7189.659877711528175776","0.017839934226252647","2026-09-21T14:22:16.000Z","Verified balance; spot estimate"
"arguswallet","Arc","OMRE","0x193F9386064648feA6263E0aEA5CeF09c2113965","7189.659877711528175776","0.01786502907395023","2026-09-21T14:22:18.000Z","Verified balance; spot estimate"
"arguswallet","Arc","OPERATORIO","0x7794C27b71Db27466dE87C7C22da6b77524284d3","3587.536831040685813461","0.008900742870686753","2026-09-21T14:22:22.000Z","Verified balance; spot estimate"
"arguswallet","Arc","ORBITUM","0xc9cB7918bc5256453B14fD72c586FcC2dDee2414","3595.042964703253045094","0.00891965104464972","2026-09-21T14:22:22.000Z","Verified balance; spot estimate"
"arguswallet","Arc","OWNLY","0x2217c571b52b9A7d6cE59Dfd1a9fAdaC25c87cB3","3587.536831040685427848","0.008964868847778128","2026-09-21T14:22:22.000Z","Verified balance; spot estimate"
"arguswallet","Arc","OZAK","0x7d7E4bB6dcB78c333B464f10ad6bf6E2f9928271","7189.659877711528462478","0.01783957059400835","2026-09-21T14:22:24.000Z","Verified balance; spot estimate"
"arguswallet","Arc","PALYDUS","0xb966E12b333d019fd54BA1c76f2a40CeAff21Acc","3587.536831040685813461","0.008900815552983525","2026-09-21T14:22:24.000Z","Verified balance; spot estimate"
"arguswallet","Arc","PARCELPAY","0x21A402866ed622AE8d81eECbaF894E6b4c379f60","3595.042964703252658674","0.008919438556563162","2026-09-21T14:22:25.000Z","Verified balance; spot estimate"
"arguswallet","Arc","PATCH","0xBc6eC64341508e0B3E9f66593134F5B0b0a3FDFE","3595.042964703253045094","0.008919379952207193","2026-09-21T14:22:25.000Z","Verified balance; spot estimate"
"arguswallet","Arc","PATRIOT","0xfe32556f32b66b318F279D888A8E65FE006Ad5cf","3595.042964703253045094","0.008919438556563162","2026-09-21T14:22:29.000Z","Verified balance; spot estimate"
"arguswallet","Arc","PAYLINK","0xfa096f317400Aa087c57dF256F5751c4D2c5c139","3595.042964703253045094","0.008919438556563162","2026-09-21T14:22:32.000Z","Verified balance; spot estimate"
"arguswallet","Arc","PCAT","0x35bB224Ad1BCDc3D80caee2486645Ec8135D034a","15","","","Verified balance; price unavailable"
"arguswallet","Arc","PEACH","0x02dEA53a1b8593e612d4A09C671AE53C2F350c48","7183.925240565493455489","0.017838288018209542","2026-09-21T14:22:32.000Z","Verified balance; spot estimate"
"arguswallet","Arc","PEACH","0xD64b2Df3dAC2B38AFD9c24aA259aC21314976e02","3583.81743666597413394","0.008898082942780026","2026-09-21T14:22:34.000Z","Verified balance; spot estimate"
"arguswallet","Arc","PEGGY","0x1904FdA22A988c8E9d5DC1AF95942BFDcBCF52a2","7174.648499944877732332","0.017802686011934098","2026-09-21T14:22:34.000Z","Verified balance; spot estimate"
"arguswallet","Arc","PERISCOPIUM","0x30639E12703FaF9Cd7Ec00EdAE50D4E9378372Ad","3587.536831040685427848","0.008900815552983525","2026-09-21T14:22:36.000Z","Verified balance; spot estimate"
"arguswallet","Arc","PERKOS","0xb8ef07ff67118EA4B31e03BEbc9ca8eac4D506CA","3595.042964703253045094","0.008919438556563162","2026-09-21T14:22:36.000Z","Verified balance; spot estimate"
"arguswallet","Arc","PHION","0x4e6FaD1a770A1718fd31275D05AD4b7D2390E9a0","7174.648499944878018436","0.0178026860119341","2026-09-21T14:22:37.000Z","Verified balance; spot estimate"
"arguswallet","Arc","PIARC","0xB03C2F60bDeF6F090d40Fe52526A22E11f604b68","3587.536831040685813461","0.008900815552983525","2026-09-21T14:22:39.000Z","Verified balance; spot estimate"
"arguswallet","Arc","PIN","0x4C7c41Bae6cab58946bfb5ab85A4653924B9f24c","3595.042964703253045094","0.00891936572219463","2026-09-21T14:22:42.000Z","Verified balance; spot estimate"
"arguswallet","Arc","PIPI","0x9f6f9BE334784C8Bd3a1C1cd1491B832F5b2B6FB","3587.536831040685813461","0.008900722745641349","2026-09-21T14:22:42.000Z","Verified balance; spot estimate"
"arguswallet","Arc","PIXELDOG","0x0157Bc3a7640a57584BC3B4f933A3974854Db12F","7174.648499944877732332","0.017802686011934098","2026-09-21T14:22:44.000Z","Verified balance; spot estimate"
"arguswallet","Arc","PLAYPOT","0xEd329F72A465539DA88F97eaD5eeae1431a95559","7174.648499944878018436","0.0178026860119341","2026-09-21T14:22:44.000Z","Verified balance; spot estimate"
"arguswallet","Arc","PODIUM","0x05a83BDF1B311AeA6815bD26585c6C012C8795b0","3587.536831040685427848","0.008900815552983525","2026-09-21T14:22:46.000Z","Verified balance; spot estimate"
"arguswallet","Arc","POLYTOPE","0x35AFE6Feb06EFE20e343c14B4eEBFf2492bF776C","3595.042964703252658674","0.008919438556563162","2026-09-21T14:22:46.000Z","Verified balance; spot estimate"
"arguswallet","Arc","PONBIO","0xFaeA277669D8f92eEB445029Aa4A2e0a1A914884","3595.042964703253045094","0.00891936572219463","2026-09-21T14:22:47.000Z","Verified balance; spot estimate"
"arguswallet","Arc","PONM","0xcC498Ef6Fb67d034bc5a21F13c59C99Df85535bD","3587.536831040685813461","0.008900815552983525","2026-09-21T14:22:49.000Z","Verified balance; spot estimate"
"arguswallet","Arc","PONSTICLE","0x363e95218ffe0B1a897cda581F3EFB6dD2e9340E","3587.536831040685813461","0.008900815552983525","2026-09-21T14:22:53.000Z","Verified balance; spot estimate"
"arguswallet","Arc","POOLPOT","0xaa0dB48CbF8CdDbE02F7dDe7C2D4811cCbBf8753","7189.659877711528462478","0.017839934226252654","2026-09-21T14:22:53.000Z","Verified balance; spot estimate"
"arguswallet","Arc","POPDEX","0xD17A32E1D67ea306bA27645a1bC3Dd27437b9D75","3587.536831040685813461","0.00890088594869387","2026-09-21T14:22:54.000Z","Verified balance; spot estimate"
"arguswallet","Arc","POSTRICH","0x7E2AD67525AE5f6AA0Fa5F56CCe704B210060629","3587.536831040685813461","0.008900815552983525","2026-09-21T14:22:54.000Z","Verified balance; spot estimate"
"arguswallet","Arc","POTATO","0x8B4c9985292d437514ABBc0A3C4773BBD050aEd2","24154.907080110581957031","0.06022315134942975","2026-09-21T14:22:56.000Z","Verified balance; spot estimate"
"arguswallet","Arc","POWERUSERS","0xFE0Dce0C765AA255ea2BfC018C397a6A9a96E34c","7174.648499944878018436","0.0178026860119341","2026-09-21T14:22:56.000Z","Verified balance; spot estimate"
"arguswallet","Arc","PREDICTR","0xd8E8EfCEa14ced3bc901ab122901A4Ac240109c8","3587.536831040685813461","0.008900742870686753","2026-09-21T14:22:58.000Z","Verified balance; spot estimate"
"arguswallet","Arc","PROTOTYPE","0x7Fd76e6F1DEb8CB28c28f977721C95817334D4e3","7183.9252405654937419","0.017838288018209542","2026-09-21T14:22:59.000Z","Verified balance; spot estimate"
"arguswallet","Arc","PROXIMA","0xB611E9A1c63be91bd24610b2bfD2d535C63Fc0b8","9811.195910772234326046","0.02442936083297289","2026-09-21T14:23:04.000Z","Verified balance; spot estimate"
"arguswallet","Arc","QYRO","0x979b2067E25df76E25F6f06516e7e6373cf65739","3587.536831040685813461","0.008900815552983525","2026-09-21T14:23:04.000Z","Verified balance; spot estimate"
"arguswallet","Arc","RAN","0x4a50E2E924b5a47f9985Db6c4A251B9AEf9B9174","3587.536831040685813461","0.008900815552983525","2026-09-21T14:23:04.000Z","Verified balance; spot estimate"
"arguswallet","Arc","RAREAPEPES","0x6E0B853f7cFCcc93D1b15B4a87dabEc0491905A2","7174.648499944878018436","0.0178026860119341","2026-09-21T14:23:04.000Z","Verified balance; spot estimate"
"arguswallet","Arc","REALNESS","0x767db711cEdE31A9Cd5318f8C727425DC98F79d4","7174.648499944878018436","0.0178026860119341","2026-09-21T14:23:07.000Z","Verified balance; spot estimate"
"arguswallet","Arc","RECIT","0x0fB1C7c4f8e25974cF986338128a5458D77BBBaf","3595.042964703252658674","0.00898985455972186","2026-09-21T14:23:07.000Z","Verified balance; spot estimate"
"arguswallet","Arc","RFXFINANCE","0xA3C0EfE6FD2246DDcB4BbC1b5fA6cC421f3EAB24","6701.395064038371914147","0.016628387044733517","2026-09-21T14:23:10.000Z","Verified balance; spot estimate"
"arguswallet","Arc","RICHMAN","0xe9442ADC7286AFfeFb94997b32F9a0e73e08DD21","7174.648499944878018436","0.0178026860119341","2026-09-21T14:23:11.000Z","Verified balance; spot estimate"
"arguswallet","Arc","RIOTWING","0xBe7b67c39F9D9B218501a394b9591667b520f91B","3587.536831040685813461","0.008900742870686753","2026-09-21T14:23:15.000Z","Verified balance; spot estimate"
"arguswallet","Arc","ROADBASE","0xb3e3Ca16c621c6Ba2DB56094ee01d5d87E976edf","7174.648499944878018436","0.0178026860119341","2026-09-21T14:23:15.000Z","Verified balance; spot estimate"
"arguswallet","Arc","ROBINLOOT","0x0fDAC3eE72B5707CAA2282258E2883bC6D4F3119","3587.536831040685427848","0.008902787302696976","2026-09-21T14:23:15.000Z","Verified balance; spot estimate"
"arguswallet","Arc","ROBINTERN","0xBc3a26d9ff59e72a01F54D983a76878132d93F67","7189.659877711528462478","0.017839934226252654","2026-09-21T14:23:15.000Z","Verified balance; spot estimate"
"arguswallet","Arc","ROOM","0xEf32AA64d70f1D511C7dB9e67CeF8BC3cB331267","3587.536831040685813461","0.008900815552983525","2026-09-21T14:23:18.000Z","Verified balance; spot estimate"
"arguswallet","Arc","ROUTIX","0x393D581f026871DE806bBa36015529e3D6159e78","3580.739339090268900676","0.008883855686103132","2026-09-21T14:23:18.000Z","Verified balance; spot estimate"
"arguswallet","Arc","RUGTOOLS","0xF746aB0FCdaD33df241ADd0abA3673d7f7330689","3595.042964703253045094","0.008919347672204935","2026-09-21T14:23:21.000Z","Verified balance; spot estimate"
"arguswallet","Arc","SAANORA","0xfA3032a6Da3FF768A7fc2612a025fCcD00bA517c","3595.042964703253045094","0.008919438556563162","2026-09-21T14:23:22.000Z","Verified balance; spot estimate"
"arguswallet","Arc","SAFE","0x9Dcd3C65875235a6505bC4052b0cE414648b70be","7189.659877711528462478","0.017839934226252654","2026-09-21T14:23:26.000Z","Verified balance; spot estimate"
"arguswallet","Arc","SAFEMOON","0x44E6c7872Ec5c6103118Eb645B7BC1aB651Cb123","7174.648499944878018436","0.0178026860119341","2026-09-21T14:23:26.000Z","Verified balance; spot estimate"
"arguswallet","Arc","SALUTE","0x941A1D03D2F3DFEe2558e4E4519e65C63696efAe","7174.648499944878018436","0.017802968742063285","2026-09-21T14:23:26.000Z","Verified balance; spot estimate"
"arguswallet","Arc","SARAMUCHI","0x981Ea7D0F85B62E066C6982383A9b5aa5f16B46a","7174.648499944878018436","0.0178026860119341","2026-09-21T14:23:26.000Z","Verified balance; spot estimate"
"arguswallet","Arc","SCARP","0x18F0690fE20096fEC34e3CFa9f957B338EF0D2b1","3595.042964703252658674","0.008919349024108411","2026-09-21T14:23:29.000Z","Verified balance; spot estimate"
"arguswallet","Arc","SCRIP","0x93b332720b5Fc89697A8476D55DAc3751e0a86DD","3595.042964703253045094","0.008919345555041987","2026-09-21T14:23:29.000Z","Verified balance; spot estimate"
"arguswallet","Arc","SCRIP","0x85560c10A724f916d491124BEA10e60E2F7972A2","3587.536831040685813461","0.008900722745641349","2026-09-21T14:23:31.000Z","Verified balance; spot estimate"
"arguswallet","Arc","SENARY","0xae1D2c8d10EFAFA6a89E712246bd3d4A2a127Dca","3594.182332251774864798","0.008917234265923215","2026-09-21T14:23:33.000Z","Verified balance; spot estimate"
"arguswallet","Arc","SHADE","0x84826552b3dbfFD7e3046DdC8eEd190cbDe07f14","3595.042964703253045094","0.008919438556563162","2026-09-21T14:23:38.000Z","Verified balance; spot estimate"
"arguswallet","Arc","SHOGUN","0x8B3cCEbd2e03ddC59352D0Df6377471352f248C1","7174.648499944878018436","0.0178026860119341","2026-09-21T14:23:38.000Z","Verified balance; spot estimate"
"arguswallet","Arc","SIFTER","0xAaf608253a04d53F1f47b5b78158106e85A3A12C","3587.536831040685813461","0.008900722745641349","2026-09-21T14:23:38.000Z","Verified balance; spot estimate"
"arguswallet","Arc","SILVER","0xa739482E6243EfcC46C0335BF135C4872fc52B41","7174.648499944878018436","0.01780313004892423","2026-09-21T14:23:38.000Z","Verified balance; spot estimate"
"arguswallet","Arc","SKELETON","0x0bC8724F08E76B238bbFD72F14E777CA8fbAE927","7174.648499944877732332","0.017802686011934098","2026-09-21T14:23:40.000Z","Verified balance; spot estimate"
"arguswallet","Arc","SLINKD","0xFc1738963C474d7E1376f20f186b62d2B1302986","3595.042964703253045094","0.00891936572219463","2026-09-21T14:23:40.000Z","Verified balance; spot estimate"
"arguswallet","Arc","SNOOZE","0x6F75c1A39BA224eBC8C04DfBb57ccA259ACff759","7174.648499944878018436","0.0178026860119341","2026-09-21T14:23:43.000Z","Verified balance; spot estimate"
"arguswallet","Arc","SOCIALS","0xB017cA0F522E51DBaE54FC62eD231B29ae71D580","7174.648499944878018436","0.01780232863183415","2026-09-21T14:23:44.000Z","Verified balance; spot estimate"
"arguswallet","Arc","SOLCASINO","0x036952e6315739057A0820F9D4213f54cb80c890","7174.648499944877732332","0.017802686011934098","2026-09-21T14:23:49.000Z","Verified balance; spot estimate"
"arguswallet","Arc","SOLON","0x87F86DA2a593DB388172ed813710701E2553C7AD","3587.536831040685813461","0.008900722745641349","2026-09-21T14:23:49.000Z","Verified balance; spot estimate"
"arguswallet","Arc","SOUNDNETLYNX","0x219b796A1F788fFC1bb02a8Fc3C25Ee1D90fCda3","7174.648499944877732332","0.017802686011934098","2026-09-21T14:23:49.000Z","Verified balance; spot estimate"
"arguswallet","Arc","SOVYRA","0x75460f44d687b6f3d660019975F4A50be41939a4","3587.536831040685813461","0.008900815552983525","2026-09-21T14:23:49.000Z","Verified balance; spot estimate"
"arguswallet","Arc","SP3ND","0x31a359fB8eD2BB3Ca859b32156A6a6Ab0BcEdf7f","7174.648499944877732332","0.017943088482705913","2026-09-21T14:23:50.000Z","Verified balance; spot estimate"
"arguswallet","Arc","SQFT","0xb232892585374602dD2944231B22a148A41379eB","3595.042964703253045094","0.008919438556563162","2026-09-21T14:23:50.000Z","Verified balance; spot estimate"
"arguswallet","Arc","STARWICKET","0x4B377cE3192b57f0b97Bd1bf56e4A08110a18eC0","3595.042964703253045094","0.008919438556563162","2026-09-21T14:23:54.000Z","Verified balance; spot estimate"
"arguswallet","Arc","STOCKNET","0x0dDF088B2A16E0A835563B644956CD5A5D7f4e5F","3587.536831040685427848","0.008900763184250616","2026-09-21T14:23:54.000Z","Verified balance; spot estimate"
"arguswallet","Arc","STONKVAULT","0xfDEA5ef2F64eDf2De6195ECc9Bfa0487fe9F1834","3586.677995514106323871","0.008899671879701358","2026-09-21T14:24:00.000Z","Verified balance; spot estimate"
"arguswallet","Arc","SUMMA","0x930BF71FA59d81160b2c982f8a498d99136cdfD5","3587.536831040685813461","0.008900815552983525","2026-09-21T14:24:00.000Z","Verified balance; spot estimate"
"arguswallet","Arc","SVESTUSVE","0x01e76B431050F92a5695d4c1325078502fD81B99","7174.648499944877732332","0.017802686011934098","2026-09-21T14:24:00.000Z","Verified balance; spot estimate"
"arguswallet","Arc","SWAPKIT","0x5F185663d0e5371340e294AeFd79D234BAb7B92e","7174.648499944878018436","0.017802841505334236","2026-09-21T14:24:00.000Z","Verified balance; spot estimate"
"arguswallet","Arc","SWITCHBOARD","0x12d1742Dbe323D6F009DDe569554bcFF5A360A27","3577.888859121496578753","0.008876783563477032","2026-09-21T14:24:01.000Z","Verified balance; spot estimate"
"arguswallet","Arc","TAPE","0x565f8EcecB85017996a722455054BF34c4431D22","3595.042964703253045094","0.008919438556563162","2026-09-21T14:24:01.000Z","Verified balance; spot estimate"
"arguswallet","Arc","TCIAC","0xecbfcDD1C88794ee54710516e1f865C823DdC833","7189.659877711528462478","0.017839934226252654","2026-09-21T14:24:05.000Z","Verified balance; spot estimate"
"arguswallet","Arc","TEXTME","0x200CCeBF20265e2B8419b06c9C27bA2db99aAc1e","3580.739339090268515837","0.008883888154222296","2026-09-21T14:24:06.000Z","Verified balance; spot estimate"
"arguswallet","Arc","THESIS","0x28051649310030Fe0eB37Bb80435147E5Bc07780","3592.17539130963338613","0.008918709892323145","2026-09-21T14:24:10.000Z","Verified balance; spot estimate"
"arguswallet","Arc","THUB","0xeB90200565533e71A896Af9c4AC4efed5f58A672","3595.042964703253045094","0.008919438556563162","2026-09-21T14:24:10.000Z","Verified balance; spot estimate"
"arguswallet","Arc","TIDEWRAITH","0x3a9D0b9F01daF9665976c7C706d92E6801039489","3587.536831040685813461","0.008900815552983525","2026-09-21T14:24:10.000Z","Verified balance; spot estimate"
"arguswallet","Arc","TIP","0x228be7649b3c5370fdFFA5C0d630E020dffd3eB7","1","0.0000040243515177351875","2026-09-21T14:24:10.000Z","Verified balance; spot estimate"
"arguswallet","Arc","TIPR","0x2c34449828cC9C351dE707A5e4574C7A10253101","3595.042964703252658674","0.008919438556563162","2026-09-21T14:24:12.000Z","Verified balance; spot estimate"
"arguswallet","Arc","TOD","0x0D01308398587E099816E165C0Ea980C16a1db15","1","","","Verified balance; price unavailable"
"arguswallet","Arc","TOLLY","0x2f0F96Aa582627dca6D3b6AEa18466cCb2c3b542","20","","","Verified balance; price unavailable"
"arguswallet","Arc","TOSHI","0x34c71E33E5EC5D8251A01AEa9A2c34CD64798796","7189.659877711528175776","0.017839934226252647","2026-09-21T14:24:16.000Z","Verified balance; spot estimate"
"arguswallet","Arc","TOSHIPEPE","0xeB62229C9f8f296CA2277554469e5EC641076eca","3595.042964703253045094","0.008919438556563162","2026-09-21T14:24:17.000Z","Verified balance; spot estimate"
"arguswallet","Arc","TRAIL","0xB722D3F4C57A051B8a058B2D71c9ba2380E4b458","7174.648499944878018436","0.0178026860119341","2026-09-21T14:24:19.000Z","Verified balance; spot estimate"
"arguswallet","Arc","TRAILS","0x7B65Ca5AcFfDD51D5962fa40444Bd82EB9F9d243","7174.648499944878018436","0.0178026860119341","2026-09-21T14:24:21.000Z","Verified balance; spot estimate"
"arguswallet","Arc","TRASH","0x5b868075f6ad2751B224Ff5773f58d613C044ED5","7174.648499944878018436","0.0178026860119341","2026-09-21T14:24:21.000Z","Verified balance; spot estimate"
"arguswallet","Arc","TREASUR","0x33eBd01a2b38853Da03A2f6B347B815F96AF6F82","3587.536831040685427848","0.008900722745641347","2026-09-21T14:24:21.000Z","Verified balance; spot estimate"
"arguswallet","Arc","TRIAL","0xc6322c2DC1A19c176D3b664c31dc6ebc3275AF2E","3587.536831040685813461","0.008900815552983525","2026-09-21T14:24:21.000Z","Verified balance; spot estimate"
"arguswallet","Arc","TROLLONARC","0x8aEE8c5bAd37C2DFF336c392Ac4e2670900419c3","3587.536831040685813461","0.008900815552983525","2026-09-21T14:24:22.000Z","Verified balance; spot estimate"
"arguswallet","Arc","TRXVO","0xF9BE0d6FBBc3d215B5D2EeFaB8375807FfEAAF59","3587.536831040685813461","0.008942127959849748","2026-09-21T14:24:26.000Z","Verified balance; spot estimate"
"arguswallet","Arc","TURBO","0x43eC3D47ca4Ff4fdcc2F7eDA5fc111Dd8c2c5740","6701.395064038371914147","0.016628033646779526","2026-09-21T14:24:27.000Z","Verified balance; spot estimate"
"arguswallet","Arc","TWINMARK","0x0938E1787a3c581eFA67d6185db88d73125dF32C","3587.536831040685427848","0.008900815552983525","2026-09-21T14:24:29.000Z","Verified balance; spot estimate"
"arguswallet","Arc","TWINPAD","0x0317fFD96da0467efC23b22adceda54adeE71436","3595.042964703252658674","0.008919438556563162","2026-09-21T14:24:31.000Z","Verified balance; spot estimate"
"arguswallet","Arc","UNDEAD","0x953C7e2F50007beC24c7C05865108552CeCA7D1b","6701.395064038371914147","0.016628387044733517","2026-09-21T14:24:31.000Z","Verified balance; spot estimate"
"arguswallet","Arc","UNISSON","0x6ec330F1DDb2bF71fF96dF6680228c6c09e019Dc","3580.739339090268900676","0.008884174633171413","2026-09-21T14:24:31.000Z","Verified balance; spot estimate"
"arguswallet","Arc","UPSDOGS","0x8b4940180f24f4525664a907e7f64129a14158ba","3587.536831040685813461","0.008900815552983525","2026-09-21T14:24:31.000Z","Verified balance; spot estimate"
"arguswallet","Arc","USDCAT","0x8C003022964D01BDB8C58bcd41F9D083592f4A19","7189.659877711528462478","0.01783955648646455","2026-09-21T14:24:32.000Z","Verified balance; spot estimate"
"arguswallet","Arc","UXUY","0x1Be36117eDB1566A9052C11AbD0d8f5d845EbD56","7174.648499944877732332","0.017802686011934098","2026-09-21T14:24:37.000Z","Verified balance; spot estimate"
"arguswallet","Arc","VAC","0xdF6f6a3Cdf034496623e4C5c940f94298F5030a5","200","","","Verified balance; price unavailable"
"arguswallet","Arc","VANTA","0x0cd3Fb92609Cd294Ef62E72864d1bb1cd112A586","7189.659877711528175776","0.017839934226252647","2026-09-21T14:24:41.000Z","Verified balance; spot estimate"
"arguswallet","Arc","VAULTLY","0xd1ff0CF8Ef8965F75650E09609e502D65e042CAd","3587.536831040685813461","0.008900742870686753","2026-09-21T14:24:41.000Z","Verified balance; spot estimate"
"arguswallet","Arc","VERVE","0xC3B1A4BB28FA831286119eAE344952dc99F31A21","3594.756052875999025906","0.008918797178752874","2026-09-21T14:24:41.000Z","Verified balance; spot estimate"
"arguswallet","Arc","VESPER","0xba1f8210CCbf19ECF4e2F1A7e79fE0F7Ba96b168","3587.536831040685813461","0.008900815552983525","2026-09-21T14:24:41.000Z","Verified balance; spot estimate"
"arguswallet","Arc","VIAMAX","0x70bdCc4e628c97588714183D8b65b22b8A8436Ab","3595.042964703253045094","0.008919438556563162","2026-09-21T14:24:41.000Z","Verified balance; spot estimate"
"arguswallet","Arc","VIBEWALLET","0x8F21491073F545C41039Aa00Cd977828Aa296986","7174.648499944878018436","0.0178026860119341","2026-09-21T14:24:42.000Z","Verified balance; spot estimate"
"arguswallet","Arc","VIEWSUI","0x1235C439dccEdA0C5D8EEC364C3E9FaEEfDFF93a","7189.659877711528175776","0.017839934226252647","2026-09-21T14:24:44.000Z","Verified balance; spot estimate"
"arguswallet","Arc","VISTA","0xaa96AD910635CC10ECA59efAa8Aca28c1EbF460A","7174.648499944878018436","0.0178026860119341","2026-09-21T14:24:47.000Z","Verified balance; spot estimate"
"arguswallet","Arc","VOLUME","0x08aF7b62E286125F0afda84f5b6A95e4a86b68bf","7183.925240565493455489","0.017844167608529495","2026-09-21T14:24:51.000Z","Verified balance; spot estimate"
"arguswallet","Arc","VOLVESTOCK","0xDe2cfd1992aF53fADAebA24F5D153F244e95A84D","3595.042964703253045094","0.008919438556563162","2026-09-21T14:24:51.000Z","Verified balance; spot estimate"
"arguswallet","Arc","VOXSTART","0x87e362e11508AE3DE34e67a14F146Ab484b61555","3595.042964703253045094","0.008919438556563162","2026-09-21T14:24:51.000Z","Verified balance; spot estimate"
"arguswallet","Arc","VOXTRADE","0xa198F8B296242ea87681d297Ec7Ff47d01af994F","3587.536831040685813461","0.008900742870686753","2026-09-21T14:24:51.000Z","Verified balance; spot estimate"
"arguswallet","Arc","WAGME","0x1cEaAF2CA89ed769eA30AeF978aaF271D4Eff30b","3580.739339090268515837","0.008883928520063243","2026-09-21T14:24:51.000Z","Verified balance; spot estimate"
"arguswallet","Arc","WALLSTREETX","0xE9d2b0Dc9c260B4642d938BB3721d9Dd3FB7c8DA","7174.648499944878018436","0.0178026860119341","2026-09-21T14:24:52.000Z","Verified balance; spot estimate"
"arguswallet","Arc","WERID","0x5B58dB919BA6ce7A24fA6462bA93a8057F3f5375","7189.659877711528462478","0.017839934226252654","2026-09-21T14:24:54.000Z","Verified balance; spot estimate"
"arguswallet","Arc","WINNEY","0x551bBAAA5588aA3C80436950eECeF233e78F3d1A","3587.536831040685813461","0.008900788356649364","2026-09-21T14:24:57.000Z","Verified balance; spot estimate"
"arguswallet","Arc","WONK","0xB9f3BA34778215fE92d3e0957955a9838acB30FA","6701.395064038371914147","0.016628387044733517","2026-09-21T14:25:02.000Z","Verified balance; spot estimate"
"arguswallet","Arc","XDOG","0xb5df1419c7dE990A5c4D3CE009A9Ae833a472A89","3587.536831040685813461","0.008900815552983525","2026-09-21T14:25:02.000Z","Verified balance; spot estimate"
"arguswallet","Arc","XYLAPAY","0xBcaF692F232c3E963eCd6b4198581C8f2DF45200","7174.648499944878018436","0.0178026860119341","2026-09-21T14:25:02.000Z","Verified balance; spot estimate"
"arguswallet","Arc","YELLOW","0x9F5D54744335146b2F4BA220D64a3FA16f4cfEe3","6701.395064038371914147","0.016628387044733517","2026-09-21T14:25:02.000Z","Verified balance; spot estimate"
"arguswallet","Arc","YOUTH","0x0aA3c45fc433b69efcd840De5EE0f4607f7f639D","7174.648499944877732332","0.017802686011934098","2026-09-21T14:25:02.000Z","Verified balance; spot estimate"
"arguswallet","Arc","YZKA","0x4416B47e56754AE05bFed94960cae61885b9E569","3587.536831040685813461","0.008900815552983525","2026-09-21T14:25:03.000Z","Verified balance; spot estimate"
"arguswallet","Arc","ZECMINER","0x10BCAcE357f36aAc6F5c1F665A2FfF86d3252c0e","3587.536831040685427848","0.008900815552983525","2026-09-21T14:25:04.000Z","Verified balance; spot estimate"
"arguswallet","Arc","ZECPONS","0x142bD11D714260919a15537d5B37e63210E85f54","3587.536831040685427848","0.008906502002138541","2026-09-21T14:25:07.000Z","Verified balance; spot estimate"
"arguswallet","Arc","ZEROKNOW","0x44509f50B179c5d4c58e8f5d4b4ff68669c850f3","3587.536831040685813461","0.008900742870686753","2026-09-21T14:25:13.000Z","Verified balance; spot estimate"
"arguswallet","Arc","ZEROVAULT","0xcab4f5B6B314871E223115853dCaF06172c51CBf","3587.536831040685813461","0.008900815552983525","2026-09-21T14:25:13.000Z","Verified balance; spot estimate"
"arguswallet","Arc","ZWZ","0x02Bbf8A7A7FF4a537CdB5f923758eA07Cc2c04a8","6701.395064038371646916","0.016628387044733513","2026-09-21T14:25:13.000Z","Verified balance; spot estimate"
"arguswallet","Arc","USDCAT","0xda750b9e17c338aafb941ef5e7fec0b91c4fb9fb","3595.042964703253045094","0.008919650171178992","2026-09-21T14:21:14.000Z","Verified balance; spot estimate"
"arguswallet","Base","sundoge","0x9F90760EEa1d9C89eAaCb99c36E49e211bb32330","50000","","2026-09-21T14:16:36.285Z","CDP balance; price unavailable"
"Odysseus","Arc","USDC (native)","native","63.954572013686058771","63.95457201368606","2026-09-21T14:25:19.535Z","Verified balance; USDC valued at $1"
"Odysseus","Arc","ARGEN","0xeB5294495134c29d40b38A51986AB98144AB8a52","5694091.322897807168509293","309.0157237807851","2026-09-21T14:24:32.000Z","Verified balance; spot estimate"
"Odysseus","Arc","ARGUS","0xeCe5cA8bf9220718E5727754026757512212cb3c","1736.97804558327738044","29.458392106279646","2026-09-21T14:24:32.000Z","Verified balance; spot estimate"
"Odysseus","Arc","CIRCLE","0xA85CCaAA05EAE5cFF6699bADE3f65ec6A94C0A7c","2","0.000004969274133115025","2026-09-21T14:17:12.000Z","Verified balance; spot estimate"
"Odysseus","Arc","CRCL","0xfCC0422F47ea6381fbe12ac8F0C1535558C4A835","150","","","Verified balance; price unavailable"
"Odysseus","Arc","HTTP","0xcb2dF9b431FE7C19ee7F0D62D487b0121aBDD075","10338120.395603759740162378","316.73303724936693","2026-09-21T14:25:39.000Z","Verified balance; spot estimate"
"Odysseus","Arc","TOD","0x0D01308398587E099816E165C0Ea980C16a1db15","1","","","Verified balance; price unavailable"
"Odysseus","Arc","USDUC","0xe05Ac58D429e3A8F9F272533c19Fb7F75d1fDF63","5847262.889586246537347762","329.73002633137327","2026-09-21T14:25:39.000Z","Verified balance; spot estimate"
"Odysseus","Arc","WORLD","0xe83b4E5C1EACf6Ea45323dDaDb457a77e12CEF83","39926431.272352936140027092","454.00950697159584","2026-09-21T14:24:32.000Z","Verified balance; spot estimate"
"Odysseus","Arc","USDC","0xc5ced08bbb6a066c5a1b40a3315eed0fcecdd660","0.00002499","","","Verified balance; price unavailable"
"Odysseus","Base","ETH","0xEeeeeEeeeEeEeeEeEeEeeEEEeeeeEeeeeeeeEEeE","0.0003298406936747","0.8982996895779566","2026-09-21T14:16:36.285Z","CDP balance; spot estimate"
"Odysseus","Base","BOT","0x1e91E1c32D00d2f337e223363811abe75b61a60F","25","1.5225e-22","2026-09-21T14:16:36.285Z","CDP balance; spot estimate"
"Odysseus","Base","BLUECHIP","0xB2000000000000000000006e32BB50E39C717605","10","0.007894","2026-09-21T14:16:36.285Z","CDP balance; spot estimate"
"Odysseus","Base","ECX","0x8014Ef9CeE977fe7dDeF1e33114D5272626302F1","9","","2026-09-21T14:16:36.285Z","CDP balance; price unavailable"
"Odysseus","Base","cobee","0xB2000000000000000000007cFaA3D74Fe8EB4285","25","","2026-09-21T14:16:36.285Z","CDP balance; price unavailable"
"Odysseus","Base","Jessky","0xFBdA4Cd440C739AC7347F4604f34A4aca78E2bc7","25","0.018895000000000002","2026-09-21T14:16:36.285Z","CDP balance; spot estimate"
"Odysseus","Base","SEED","0x350cC56c6fAF933FB5e3a48c61Ab3653CE9d77Df","9","","2026-09-21T14:16:36.285Z","CDP balance; price unavailable"
"Odysseus","Base","FAFNIR","0x3311AAC4A400052C2206e0D491E582E5CB1ED5CE","100","0.03249","2026-09-21T14:16:36.285Z","CDP balance; spot estimate"
"Odysseus","Base","PPOLY","0xBd3d2347d599a766b3511ccD14D0a6352E4DfF8F","9","","2026-09-21T14:16:36.285Z","CDP balance; price unavailable"
"Odysseus","Base","AGAI","0x510B7bD66f53d0b9B735250edf1E6e2562a66A18","9","","2026-09-21T14:16:36.285Z","CDP balance; price unavailable"
"Odysseus","Base","MCAT","0xEAC834CfB7801CAC6e43F464CBC4aBD05418BEBf","9","","2026-09-21T14:16:36.285Z","CDP balance; price unavailable"